"Source:","/home/pslavkin/servo_pmsm_orphano/kicad/servo.sch"
"Date:","Wed 26 Feb 2020 02:43:00 AM -03"
"Tool:","Eeschema 5.0.2+dfsg1-1"
"Generator:","/usr/share/kicad/plugins/bom_csv_grouped_by_value.py"
"Component Count:","592"

"Individual Components:"

"Item","Qty","Reference(s)","Value","LibPart","Footprint","Datasheet","Description","Fieldname","PartNumber","digikey","price@10"
"","","C202","0.1uF","servo:Capacitor","servo:C_0603_1608Metric","","CAP CER 0.1UF 16V X7R 0603 ","","CC0603KPX7R7BB104","311-1335-1-ND","0.05800"
"","","C204","10uF","servo:Capacitor","servo:C_0603_1608Metric","","10µF ±20% 10V Ceramic Capacitor X5R 0603 (1608 Metric) ","","GRM188R61A106ME69D ","490-10475-1-ND","0.15400"
"","","C205","10uF","servo:Capacitor","servo:C_0603_1608Metric","","10µF ±20% 10V Ceramic Capacitor X5R 0603 (1608 Metric) ","","GRM188R61A106ME69D ","490-10475-1-ND","0.15400"
"","","C207","0.1uF","servo:Capacitor","servo:C_0603_1608Metric","","CAP CER 0.1UF 16V X7R 0603 ","","CC0603KPX7R7BB104","311-1335-1-ND","0.05800"
"","","C209","0.1uF","servo:Capacitor","servo:C_0603_1608Metric","","CAP CER 0.1UF 16V X7R 0603 ","","CC0603KPX7R7BB104","311-1335-1-ND","0.05800"
"","","C211","0.1uF","servo:Capacitor","servo:C_0603_1608Metric","","CAP CER 0.1UF 16V X7R 0603 ","","CC0603KPX7R7BB104","311-1335-1-ND","0.05800"
"","","C214","1uF","servo:Capacitor","servo:C_0603_1608Metric","","CAP CER 1UF 10V X7R 0603","","C0603C105K8RACTU","399-11133-1-ND","0.06400"
"","","C216","1uF","servo:Capacitor","servo:C_0603_1608Metric","","CAP CER 1UF 10V X7R 0603","","C0603C105K8RACTU","399-11133-1-ND","0.06400"
"","","C217","4n7","servo:Capacitor","servo:C_1206_3216Metric","","4700pF ±10% 100V Ceramic Capacitor X7R 1206 (3216 Metric) ","","12061C472KAT2A","478-1521-1-ND","0.18700"
"","","C301","22uF","servo:Capacitor","servo:C_0603_1608Metric","","CAP CER 22UF 6.3V X5R 0603 ","","GRM188R60J226MEA0D","490-7611-1-ND","0.19400"
"","","C302","1uF","servo:Capacitor","servo:C_0603_1608Metric","","CAP CER 1UF 10V X7R 0603","","C0603C105K8RACTU","399-11133-1-ND","0.06400"
"","","C303","2.2uF","servo:Capacitor","servo:C_0603_1608Metric","","CAP CER 2.2UF 16V X6S 0603 ","","GRT188C81C225KE13D","490-12287-1-ND","0.35500"
"","","C304","0.1uF","servo:Capacitor","servo:C_0603_1608Metric","","CAP CER 0.1UF 16V X7R 0603 ","","CC0603KPX7R7BB104","311-1335-1-ND","0.05800"
"","","C404","0.1uF","servo:Capacitor","servo:C_0603_1608Metric","","CAP CER 0.1UF 16V X7R 0603 ","","CC0603KPX7R7BB104","311-1335-1-ND","0.05800"
"","","C405","0.1uF","servo:Capacitor","servo:C_0603_1608Metric","","CAP CER 0.1UF 16V X7R 0603 ","","CC0603KPX7R7BB104","311-1335-1-ND","0.05800"
"","","C407","10uF","servo:Capacitor","servo:C_0603_1608Metric","","10µF ±20% 10V Ceramic Capacitor X5R 0603 (1608 Metric) ","","GRM188R61A106ME69D ","490-10475-1-ND","0.15400"
"","","C408","10uF","servo:Capacitor","servo:C_0603_1608Metric","","10µF ±20% 10V Ceramic Capacitor X5R 0603 (1608 Metric) ","","GRM188R61A106ME69D ","490-10475-1-ND","0.15400"
"","","C409","10uF","servo:Capacitor","servo:C_0603_1608Metric","","10µF ±20% 10V Ceramic Capacitor X5R 0603 (1608 Metric) ","","GRM188R61A106ME69D ","490-10475-1-ND","0.15400"
"","","C410","10uF","servo:Capacitor","servo:C_0603_1608Metric","","10µF ±20% 10V Ceramic Capacitor X5R 0603 (1608 Metric) ","","GRM188R61A106ME69D ","490-10475-1-ND","0.15400"
"","","C411","0.1uF","servo:Capacitor","servo:C_0603_1608Metric","","CAP CER 0.1UF 16V X7R 0603 ","","CC0603KPX7R7BB104","311-1335-1-ND","0.05800"
"","","C412","0.1uF","servo:Capacitor","servo:C_0603_1608Metric","","CAP CER 0.1UF 16V X7R 0603 ","","CC0603KPX7R7BB104","311-1335-1-ND","0.05800"
"","","C414","0.1uF","servo:Capacitor","servo:C_0603_1608Metric","","CAP CER 0.1UF 16V X7R 0603 ","","CC0603KPX7R7BB104","311-1335-1-ND","0.05800"
"","","C418","0.1uF","servo:Capacitor","servo:C_0603_1608Metric","","CAP CER 0.1UF 16V X7R 0603 ","","CC0603KPX7R7BB104","311-1335-1-ND","0.05800"
"","","C419","0.1uF","servo:Capacitor","servo:C_0603_1608Metric","","CAP CER 0.1UF 16V X7R 0603 ","","CC0603KPX7R7BB104","311-1335-1-ND","0.05800"
"","","C422","0.1uF","servo:Capacitor","servo:C_0603_1608Metric","","CAP CER 0.1UF 16V X7R 0603 ","","CC0603KPX7R7BB104","311-1335-1-ND","0.05800"
"","","C423","0.1uF","servo:Capacitor","servo:C_0603_1608Metric","","CAP CER 0.1UF 16V X7R 0603 ","","CC0603KPX7R7BB104","311-1335-1-ND","0.05800"
"","","C426","1uF","servo:Capacitor","servo:C_0603_1608Metric","","CAP CER 1UF 10V X7R 0603","","C0603C105K8RACTU","399-11133-1-ND","0.06400"
"","","C427","1uF","servo:Capacitor","servo:C_0603_1608Metric","","CAP CER 1UF 10V X7R 0603","","C0603C105K8RACTU","399-11133-1-ND","0.06400"
"","","C428","1uF","servo:Capacitor","servo:C_0603_1608Metric","","CAP CER 1UF 10V X7R 0603","","C0603C105K8RACTU","399-11133-1-ND","0.06400"
"","","C429","1uF","servo:Capacitor","servo:C_0603_1608Metric","","CAP CER 1UF 10V X7R 0603","","C0603C105K8RACTU","399-11133-1-ND","0.06400"
"","","C434","4n7","servo:Capacitor","servo:C_1206_3216Metric","","4700pF ±10% 100V Ceramic Capacitor X7R 1206 (3216 Metric) ","","12061C472KAT2A","478-1521-1-ND","0.18700"
"","","C501","0.1uF","servo:Capacitor","servo:C_0603_1608Metric","","CAP CER 0.1UF 16V X7R 0603 ","","CC0603KPX7R7BB104","311-1335-1-ND","0.05800"
"","","C502","0.1uF","servo:Capacitor","servo:C_0603_1608Metric","","CAP CER 0.1UF 16V X7R 0603 ","","CC0603KPX7R7BB104","311-1335-1-ND","0.05800"
"","","C503","0.1uF","servo:Capacitor","servo:C_0603_1608Metric","","CAP CER 0.1UF 16V X7R 0603 ","","CC0603KPX7R7BB104","311-1335-1-ND","0.05800"
"","","C504","0.1uF","servo:Capacitor","servo:C_0603_1608Metric","","CAP CER 0.1UF 16V X7R 0603 ","","CC0603KPX7R7BB104","311-1335-1-ND","0.05800"
"","","C505","0.1uF","servo:Capacitor","servo:C_0603_1608Metric","","CAP CER 0.1UF 16V X7R 0603 ","","CC0603KPX7R7BB104","311-1335-1-ND","0.05800"
"","","C506","0.1uF","servo:Capacitor","servo:C_0603_1608Metric","","CAP CER 0.1UF 16V X7R 0603 ","","CC0603KPX7R7BB104","311-1335-1-ND","0.05800"
"","","C507","0.1uF","servo:Capacitor","servo:C_0603_1608Metric","","CAP CER 0.1UF 16V X7R 0603 ","","CC0603KPX7R7BB104","311-1335-1-ND","0.05800"
"","","C511","0.1uF","servo:Capacitor","servo:C_0603_1608Metric","","CAP CER 0.1UF 16V X7R 0603 ","","CC0603KPX7R7BB104","311-1335-1-ND","0.05800"
"","","C512","0.1uF","servo:Capacitor","servo:C_0603_1608Metric","","CAP CER 0.1UF 16V X7R 0603 ","","CC0603KPX7R7BB104","311-1335-1-ND","0.05800"
"","","C514","0.1uF","servo:Capacitor","servo:C_0603_1608Metric","","CAP CER 0.1UF 16V X7R 0603 ","","CC0603KPX7R7BB104","311-1335-1-ND","0.05800"
"","","C515","0.1uF","servo:Capacitor","servo:C_0603_1608Metric","","CAP CER 0.1UF 16V X7R 0603 ","","CC0603KPX7R7BB104","311-1335-1-ND","0.05800"
"","","C516","0.1uF","servo:Capacitor","servo:C_0603_1608Metric","","CAP CER 0.1UF 16V X7R 0603 ","","CC0603KPX7R7BB104","311-1335-1-ND","0.05800"
"","","C517","0.1uF","servo:Capacitor","servo:C_0603_1608Metric","","CAP CER 0.1UF 16V X7R 0603 ","","CC0603KPX7R7BB104","311-1335-1-ND","0.05800"
"","","C518","0.1uF","servo:Capacitor","servo:C_0603_1608Metric","","CAP CER 0.1UF 16V X7R 0603 ","","CC0603KPX7R7BB104","311-1335-1-ND","0.05800"
"","","C519","0.1uF","servo:Capacitor","servo:C_0603_1608Metric","","CAP CER 0.1UF 16V X7R 0603 ","","CC0603KPX7R7BB104","311-1335-1-ND","0.05800"
"","","C520","0.1uF","servo:Capacitor","servo:C_0603_1608Metric","","CAP CER 0.1UF 16V X7R 0603 ","","CC0603KPX7R7BB104","311-1335-1-ND","0.05800"
"","","C521","0.1uF","servo:Capacitor","servo:C_0603_1608Metric","","CAP CER 0.1UF 16V X7R 0603 ","","CC0603KPX7R7BB104","311-1335-1-ND","0.05800"
"","","C523","0.1uF","servo:Capacitor","servo:C_0603_1608Metric","","CAP CER 0.1UF 16V X7R 0603 ","","CC0603KPX7R7BB104","311-1335-1-ND","0.05800"
"","","C524","0.1uF","servo:Capacitor","servo:C_0603_1608Metric","","CAP CER 0.1UF 16V X7R 0603 ","","CC0603KPX7R7BB104","311-1335-1-ND","0.05800"
"","","C525","0.1uF","servo:Capacitor","servo:C_0603_1608Metric","","CAP CER 0.1UF 16V X7R 0603 ","","CC0603KPX7R7BB104","311-1335-1-ND","0.05800"
"","","C526","10uF","servo:Capacitor","servo:C_0603_1608Metric","","10µF ±20% 10V Ceramic Capacitor X5R 0603 (1608 Metric) ","","GRM188R61A106ME69D ","490-10475-1-ND","0.15400"
"","","C528","2.2uF","servo:Capacitor","servo:C_0603_1608Metric","","CAP CER 2.2UF 16V X6S 0603 ","","GRT188C81C225KE13D","490-12287-1-ND","0.35500"
"","","C529","2.2uF","servo:Capacitor","servo:C_0603_1608Metric","","CAP CER 2.2UF 16V X6S 0603 ","","GRT188C81C225KE13D","490-12287-1-ND","0.35500"
"","","C530","10uF","servo:Capacitor","servo:C_0603_1608Metric","","10µF ±20% 10V Ceramic Capacitor X5R 0603 (1608 Metric) ","","GRM188R61A106ME69D ","490-10475-1-ND","0.15400"
"","","C531","2.2uF","servo:Capacitor","servo:C_0603_1608Metric","","CAP CER 2.2UF 16V X6S 0603 ","","GRT188C81C225KE13D","490-12287-1-ND","0.35500"
"","","C601","0.1uF","servo:Capacitor","servo:C_0603_1608Metric","","CAP CER 0.1UF 16V X7R 0603 ","","CC0603KPX7R7BB104","311-1335-1-ND","0.05800"
"","","C602","0.1uF","servo:Capacitor","servo:C_0603_1608Metric","","CAP CER 0.1UF 16V X7R 0603 ","","CC0603KPX7R7BB104","311-1335-1-ND","0.05800"
"","","C603","0.1uF","servo:Capacitor","servo:C_0603_1608Metric","","CAP CER 0.1UF 16V X7R 0603 ","","CC0603KPX7R7BB104","311-1335-1-ND","0.05800"
"","","C701","22uF","servo:Capacitor","servo:C_0603_1608Metric","","CAP CER 22UF 6.3V X5R 0603 ","","GRM188R60J226MEA0D","490-7611-1-ND","0.19400"
"","","C702","2.2uF","servo:Capacitor","servo:C_0603_1608Metric","","CAP CER 2.2UF 16V X6S 0603 ","","GRT188C81C225KE13D","490-12287-1-ND","0.35500"
"","","C703","0.1uF","servo:Capacitor","servo:C_0603_1608Metric","","CAP CER 0.1UF 16V X7R 0603 ","","CC0603KPX7R7BB104","311-1335-1-ND","0.05800"
"","","C704","10uF","servo:Capacitor","servo:C_0603_1608Metric","","10µF ±20% 10V Ceramic Capacitor X5R 0603 (1608 Metric) ","","GRM188R61A106ME69D ","490-10475-1-ND","0.15400"
"","","C708","22uF","servo:Capacitor","servo:C_0603_1608Metric","","CAP CER 22UF 6.3V X5R 0603 ","","GRM188R60J226MEA0D","490-7611-1-ND","0.19400"
"","","C710","2.2uF","servo:Capacitor","servo:C_0603_1608Metric","","CAP CER 2.2UF 16V X6S 0603 ","","GRT188C81C225KE13D","490-12287-1-ND","0.35500"
"","","C712","10uF","servo:Capacitor","servo:C_0603_1608Metric","","10µF ±20% 10V Ceramic Capacitor X5R 0603 (1608 Metric) ","","GRM188R61A106ME69D ","490-10475-1-ND","0.15400"
"","","C714","0.1uF","servo:Capacitor","servo:C_0603_1608Metric","","CAP CER 0.1UF 16V X7R 0603 ","","CC0603KPX7R7BB104","311-1335-1-ND","0.05800"
"","","C801","100pF","servo:Capacitor","servo:C_0603_1608Metric","","CAP CER 100PF 10V X7R 0603 ","","885012206003"," 732-7922-1-ND","0.02100"
"","","C802","100pF","servo:Capacitor","servo:C_0603_1608Metric","","CAP CER 100PF 10V X7R 0603 ","","885012206003"," 732-7922-1-ND","0.02100"
"","","C803","100pF","servo:Capacitor","servo:C_0603_1608Metric","","CAP CER 100PF 10V X7R 0603 ","","885012206003"," 732-7922-1-ND","0.02100"
"","","C804","100pF","servo:Capacitor","servo:C_0603_1608Metric","","CAP CER 100PF 10V X7R 0603 ","","885012206003"," 732-7922-1-ND","0.02100"
"","","C805","100pF","servo:Capacitor","servo:C_0603_1608Metric","","CAP CER 100PF 10V X7R 0603 ","","885012206003"," 732-7922-1-ND","0.02100"
"","","C806","100pF","servo:Capacitor","servo:C_0603_1608Metric","","CAP CER 100PF 10V X7R 0603 ","","885012206003"," 732-7922-1-ND","0.02100"
"","","C807","100pF","servo:Capacitor","servo:C_0603_1608Metric","","CAP CER 100PF 10V X7R 0603 ","","885012206003"," 732-7922-1-ND","0.02100"
"","","C808","100pF","servo:Capacitor","servo:C_0603_1608Metric","","CAP CER 100PF 10V X7R 0603 ","","885012206003"," 732-7922-1-ND","0.02100"
"","","C809","100pF","servo:Capacitor","servo:C_0603_1608Metric","","CAP CER 100PF 10V X7R 0603 ","","885012206003"," 732-7922-1-ND","0.02100"
"","","C810","100pF","servo:Capacitor","servo:C_0603_1608Metric","","CAP CER 100PF 10V X7R 0603 ","","885012206003"," 732-7922-1-ND","0.02100"
"","","C811","100pF","servo:Capacitor","servo:C_0603_1608Metric","","CAP CER 100PF 10V X7R 0603 ","","885012206003"," 732-7922-1-ND","0.02100"
"","","C812","100pF","servo:Capacitor","servo:C_0603_1608Metric","","CAP CER 100PF 10V X7R 0603 ","","885012206003"," 732-7922-1-ND","0.02100"
"","","C813","100pF","servo:Capacitor","servo:C_0603_1608Metric","","CAP CER 100PF 10V X7R 0603 ","","885012206003"," 732-7922-1-ND","0.02100"
"","","C814","100pF","servo:Capacitor","servo:C_0603_1608Metric","","CAP CER 100PF 10V X7R 0603 ","","885012206003"," 732-7922-1-ND","0.02100"
"","","C815","100pF","servo:Capacitor","servo:C_0603_1608Metric","","CAP CER 100PF 10V X7R 0603 ","","885012206003"," 732-7922-1-ND","0.02100"
"","","C816","100pF","servo:Capacitor","servo:C_0603_1608Metric","","CAP CER 100PF 10V X7R 0603 ","","885012206003"," 732-7922-1-ND","0.02100"
"","","C817","100pF","servo:Capacitor","servo:C_0603_1608Metric","","CAP CER 100PF 10V X7R 0603 ","","885012206003"," 732-7922-1-ND","0.02100"
"","","C818","100pF","servo:Capacitor","servo:C_0603_1608Metric","","CAP CER 100PF 10V X7R 0603 ","","885012206003"," 732-7922-1-ND","0.02100"
"","","C819","100pF","servo:Capacitor","servo:C_0603_1608Metric","","CAP CER 100PF 10V X7R 0603 ","","885012206003"," 732-7922-1-ND","0.02100"
"","","C820","100pF","servo:Capacitor","servo:C_0603_1608Metric","","CAP CER 100PF 10V X7R 0603 ","","885012206003"," 732-7922-1-ND","0.02100"
"","","C821","100pF","servo:Capacitor","servo:C_0603_1608Metric","","CAP CER 100PF 10V X7R 0603 ","","885012206003"," 732-7922-1-ND","0.02100"
"","","C822","100pF","servo:Capacitor","servo:C_0603_1608Metric","","CAP CER 100PF 10V X7R 0603 ","","885012206003"," 732-7922-1-ND","0.02100"
"","","C823","100pF","servo:Capacitor","servo:C_0603_1608Metric","","CAP CER 100PF 10V X7R 0603 ","","885012206003"," 732-7922-1-ND","0.02100"
"","","C824","100pF","servo:Capacitor","servo:C_0603_1608Metric","","CAP CER 100PF 10V X7R 0603 ","","885012206003"," 732-7922-1-ND","0.02100"
"","","C825","10uF","servo:Capacitor","servo:C_0603_1608Metric","","10µF ±20% 10V Ceramic Capacitor X5R 0603 (1608 Metric) ","","GRM188R61A106ME69D ","490-10475-1-ND","0.15400"
"","","C826","10uF","servo:Capacitor","servo:C_0603_1608Metric","","10µF ±20% 10V Ceramic Capacitor X5R 0603 (1608 Metric) ","","GRM188R61A106ME69D ","490-10475-1-ND","0.15400"
"","","C828","0.1uF","servo:Capacitor","servo:C_0603_1608Metric","","CAP CER 0.1UF 16V X7R 0603 ","","CC0603KPX7R7BB104","311-1335-1-ND","0.05800"
"","","C829","0.1uF","servo:Capacitor","servo:C_0603_1608Metric","","CAP CER 0.1UF 16V X7R 0603 ","","CC0603KPX7R7BB104","311-1335-1-ND","0.05800"
"","","C830","0.1uF","servo:Capacitor","servo:C_0603_1608Metric","","CAP CER 0.1UF 16V X7R 0603 ","","CC0603KPX7R7BB104","311-1335-1-ND","0.05800"
"","","C831","0.1uF","servo:Capacitor","servo:C_0603_1608Metric","","CAP CER 0.1UF 16V X7R 0603 ","","CC0603KPX7R7BB104","311-1335-1-ND","0.05800"
"","","C832","0.1uF","servo:Capacitor","servo:C_0603_1608Metric","","CAP CER 0.1UF 16V X7R 0603 ","","CC0603KPX7R7BB104","311-1335-1-ND","0.05800"
"","","C833","10uF","servo:Capacitor","servo:C_0603_1608Metric","","10µF ±20% 10V Ceramic Capacitor X5R 0603 (1608 Metric) ","","GRM188R61A106ME69D ","490-10475-1-ND","0.15400"
"","","C834","10uF","servo:Capacitor","servo:C_0603_1608Metric","","10µF ±20% 10V Ceramic Capacitor X5R 0603 (1608 Metric) ","","GRM188R61A106ME69D ","490-10475-1-ND","0.15400"
"","","C835","0.1uF","servo:Capacitor","servo:C_0603_1608Metric","","CAP CER 0.1UF 16V X7R 0603 ","","CC0603KPX7R7BB104","311-1335-1-ND","0.05800"
"","","C836","0.1uF","servo:Capacitor","servo:C_0603_1608Metric","","CAP CER 0.1UF 16V X7R 0603 ","","CC0603KPX7R7BB104","311-1335-1-ND","0.05800"
"","","C837","0.1uF","servo:Capacitor","servo:C_0603_1608Metric","","CAP CER 0.1UF 16V X7R 0603 ","","CC0603KPX7R7BB104","311-1335-1-ND","0.05800"
"","","C838","0.1uF","servo:Capacitor","servo:C_0603_1608Metric","","CAP CER 0.1UF 16V X7R 0603 ","","CC0603KPX7R7BB104","311-1335-1-ND","0.05800"
"","","C839","0.1uF","servo:Capacitor","servo:C_0603_1608Metric","","CAP CER 0.1UF 16V X7R 0603 ","","CC0603KPX7R7BB104","311-1335-1-ND","0.05800"
"","","C840","0.1uF","servo:Capacitor","servo:C_0603_1608Metric","","CAP CER 0.1UF 16V X7R 0603 ","","CC0603KPX7R7BB104","311-1335-1-ND","0.05800"
"","","C841","0.1uF","servo:Capacitor","servo:C_0603_1608Metric","","CAP CER 0.1UF 16V X7R 0603 ","","CC0603KPX7R7BB104","311-1335-1-ND","0.05800"
"","","C842","0.1uF","servo:Capacitor","servo:C_0603_1608Metric","","CAP CER 0.1UF 16V X7R 0603 ","","CC0603KPX7R7BB104","311-1335-1-ND","0.05800"
"","","C901","1nF","servo:Capacitor","servo:C_0603_1608Metric","","CAP CER 1000PF 16V X7R 0603 ","","0603B102K160CT","1292-1378-1-ND ","0.04100"
"","","C902","1nF","servo:Capacitor","servo:C_0603_1608Metric","","CAP CER 1000PF 16V X7R 0603 ","","0603B102K160CT","1292-1378-1-ND ","0.04100"
"","","C903","0.1uF","servo:Capacitor","servo:C_0603_1608Metric","","CAP CER 0.1UF 16V X7R 0603 ","","CC0603KPX7R7BB104","311-1335-1-ND","0.05800"
"","","C904","0.1uF","servo:Capacitor","servo:C_0603_1608Metric","","CAP CER 0.1UF 16V X7R 0603 ","","CC0603KPX7R7BB104","311-1335-1-ND","0.05800"
"","","C905","0.1uF","servo:Capacitor","servo:C_0603_1608Metric","","CAP CER 0.1UF 16V X7R 0603 ","","CC0603KPX7R7BB104","311-1335-1-ND","0.05800"
"","","C906","0.1uF","servo:Capacitor","servo:C_0603_1608Metric","","CAP CER 0.1UF 16V X7R 0603 ","","CC0603KPX7R7BB104","311-1335-1-ND","0.05800"
"","","C907","0.1uF","servo:Capacitor","servo:C_0603_1608Metric","","CAP CER 0.1UF 16V X7R 0603 ","","CC0603KPX7R7BB104","311-1335-1-ND","0.05800"
"","","C908","0.1uF","servo:Capacitor","servo:C_0603_1608Metric","","CAP CER 0.1UF 16V X7R 0603 ","","CC0603KPX7R7BB104","311-1335-1-ND","0.05800"
"","","C909","0.1uF","servo:Capacitor","servo:C_0603_1608Metric","","CAP CER 0.1UF 16V X7R 0603 ","","CC0603KPX7R7BB104","311-1335-1-ND","0.05800"
"","","C910","0.1uF","servo:Capacitor","servo:C_0603_1608Metric","","CAP CER 0.1UF 16V X7R 0603 ","","CC0603KPX7R7BB104","311-1335-1-ND","0.05800"
"","","C911","0.1uF","servo:Capacitor","servo:C_0603_1608Metric","","CAP CER 0.1UF 16V X7R 0603 ","","CC0603KPX7R7BB104","311-1335-1-ND","0.05800"
"","","C912","0.1uF","servo:Capacitor","servo:C_0603_1608Metric","","CAP CER 0.1UF 16V X7R 0603 ","","CC0603KPX7R7BB104","311-1335-1-ND","0.05800"
"","","C913","0.1uF","servo:Capacitor","servo:C_0603_1608Metric","","CAP CER 0.1UF 16V X7R 0603 ","","CC0603KPX7R7BB104","311-1335-1-ND","0.05800"
"","","C914","0.1uF","servo:Capacitor","servo:C_0603_1608Metric","","CAP CER 0.1UF 16V X7R 0603 ","","CC0603KPX7R7BB104","311-1335-1-ND","0.05800"
"","","C915","1nF","servo:Capacitor","servo:C_0603_1608Metric","","CAP CER 1000PF 16V X7R 0603 ","","0603B102K160CT","1292-1378-1-ND ","0.04100"
"","","C916","1nF","servo:Capacitor","servo:C_0603_1608Metric","","CAP CER 1000PF 16V X7R 0603 ","","0603B102K160CT","1292-1378-1-ND ","0.04100"
"","","C917","0.1uF","servo:Capacitor","servo:C_0603_1608Metric","","CAP CER 0.1UF 16V X7R 0603 ","","CC0603KPX7R7BB104","311-1335-1-ND","0.05800"
"","","C918","0.1uF","servo:Capacitor","servo:C_0603_1608Metric","","CAP CER 0.1UF 16V X7R 0603 ","","CC0603KPX7R7BB104","311-1335-1-ND","0.05800"
"","","C1001","0.1uF","servo:Capacitor","servo:C_0603_1608Metric","","CAP CER 0.1UF 16V X7R 0603 ","","CC0603KPX7R7BB104","311-1335-1-ND","0.05800"
"","","C1101","0.1uF","servo:Capacitor","servo:C_0603_1608Metric","","CAP CER 0.1UF 16V X7R 0603 ","","CC0603KPX7R7BB104","311-1335-1-ND","0.05800"
"","","C1102","0.1uF","servo:Capacitor","servo:C_0603_1608Metric","","CAP CER 0.1UF 16V X7R 0603 ","","CC0603KPX7R7BB104","311-1335-1-ND","0.05800"
"","","C1103","0.1uF","servo:Capacitor","servo:C_0603_1608Metric","","CAP CER 0.1UF 16V X7R 0603 ","","CC0603KPX7R7BB104","311-1335-1-ND","0.05800"
"","","C1104","0.1uF","servo:Capacitor","servo:C_0603_1608Metric","","CAP CER 0.1UF 16V X7R 0603 ","","CC0603KPX7R7BB104","311-1335-1-ND","0.05800"
"","","C1105","0.1uF","servo:Capacitor","servo:C_0603_1608Metric","","CAP CER 0.1UF 16V X7R 0603 ","","CC0603KPX7R7BB104","311-1335-1-ND","0.05800"
"","","C1106","0.1uF","servo:Capacitor","servo:C_0603_1608Metric","","CAP CER 0.1UF 16V X7R 0603 ","","CC0603KPX7R7BB104","311-1335-1-ND","0.05800"
"","","C1201","0.1uF","servo:Capacitor","servo:C_0603_1608Metric","","CAP CER 0.1UF 16V X7R 0603 ","","CC0603KPX7R7BB104","311-1335-1-ND","0.05800"
"","","C1202","0.1uF","servo:Capacitor","servo:C_0603_1608Metric","","CAP CER 0.1UF 16V X7R 0603 ","","CC0603KPX7R7BB104","311-1335-1-ND","0.05800"
"","","C1203","0.1uF","servo:Capacitor","servo:C_0603_1608Metric","","CAP CER 0.1UF 16V X7R 0603 ","","CC0603KPX7R7BB104","311-1335-1-ND","0.05800"
"","","C1204","0.1uF","servo:Capacitor","servo:C_0603_1608Metric","","CAP CER 0.1UF 16V X7R 0603 ","","CC0603KPX7R7BB104","311-1335-1-ND","0.05800"
"","","C1401","1nF","servo:Capacitor","servo:C_0603_1608Metric","","CAP CER 1000PF 16V X7R 0603 ","","0603B102K160CT","1292-1378-1-ND ","0.04100"
"","","C1403","47Uf","servo:Capacitor","servo:C_0603_1608Metric","","47µF ±20% 6.3V Ceramic Capacitor X5R 0603 (1608 Metric) ","","GRM188R60J476ME15D","490-13247-6-ND","0.46900"
"","","C1404","47Uf","servo:Capacitor","servo:C_0603_1608Metric","","47µF ±20% 6.3V Ceramic Capacitor X5R 0603 (1608 Metric) ","","GRM188R60J476ME15D","490-13247-6-ND","0.46900"
"","","C1501","1nF","servo:Capacitor","servo:C_0603_1608Metric","","CAP CER 1000PF 16V X7R 0603 ","","0603B102K160CT","1292-1378-1-ND ","0.04100"
"","","C1502","1nF","servo:Capacitor","servo:C_0603_1608Metric","","CAP CER 1000PF 16V X7R 0603 ","","0603B102K160CT","1292-1378-1-ND ","0.04100"
"","","C1504","0.1uF","servo:Capacitor","servo:C_0603_1608Metric","","CAP CER 0.1UF 16V X7R 0603 ","","CC0603KPX7R7BB104","311-1335-1-ND","0.05800"
"","","C1505","0.1uF","servo:Capacitor","servo:C_0603_1608Metric","","CAP CER 0.1UF 16V X7R 0603 ","","CC0603KPX7R7BB104","311-1335-1-ND","0.05800"
"","","C1508","0.1uF","servo:Capacitor","servo:C_0603_1608Metric","","CAP CER 0.1UF 16V X7R 0603 ","","CC0603KPX7R7BB104","311-1335-1-ND","0.05800"
"","","C1509","1nF","servo:Capacitor","servo:C_0603_1608Metric","","CAP CER 1000PF 16V X7R 0603 ","","0603B102K160CT","1292-1378-1-ND ","0.04100"
"","","C1510","0.1uF","servo:Capacitor","servo:C_0603_1608Metric","","CAP CER 0.1UF 16V X7R 0603 ","","CC0603KPX7R7BB104","311-1335-1-ND","0.05800"
"","","C1511","0.1uF","servo:Capacitor","servo:C_0603_1608Metric","","CAP CER 0.1UF 16V X7R 0603 ","","CC0603KPX7R7BB104","311-1335-1-ND","0.05800"
"","","C1512","0.1uF","servo:Capacitor","servo:C_0603_1608Metric","","CAP CER 0.1UF 16V X7R 0603 ","","CC0603KPX7R7BB104","311-1335-1-ND","0.05800"
"","","C1513","1nF","servo:Capacitor","servo:C_0603_1608Metric","","CAP CER 1000PF 16V X7R 0603 ","","0603B102K160CT","1292-1378-1-ND ","0.04100"
"","","C1514","1nF","servo:Capacitor","servo:C_0603_1608Metric","","CAP CER 1000PF 16V X7R 0603 ","","0603B102K160CT","1292-1378-1-ND ","0.04100"
"","","C1515","1nF","servo:Capacitor","servo:C_0603_1608Metric","","CAP CER 1000PF 16V X7R 0603 ","","0603B102K160CT","1292-1378-1-ND ","0.04100"
"","","C1601","0.1uF","servo:Capacitor","servo:C_0603_1608Metric","","CAP CER 0.1UF 16V X7R 0603 ","","CC0603KPX7R7BB104","311-1335-1-ND","0.05800"
"","","C1602","0.1uF","servo:Capacitor","servo:C_0603_1608Metric","","CAP CER 0.1UF 16V X7R 0603 ","","CC0603KPX7R7BB104","311-1335-1-ND","0.05800"
"","","C1603","0.1uF","servo:Capacitor","servo:C_0603_1608Metric","","CAP CER 0.1UF 16V X7R 0603 ","","CC0603KPX7R7BB104","311-1335-1-ND","0.05800"
"","","C1604","0.1uF","servo:Capacitor","servo:C_0603_1608Metric","","CAP CER 0.1UF 16V X7R 0603 ","","CC0603KPX7R7BB104","311-1335-1-ND","0.05800"
"","","C1605","0.1uF","servo:Capacitor","servo:C_0603_1608Metric","","CAP CER 0.1UF 16V X7R 0603 ","","CC0603KPX7R7BB104","311-1335-1-ND","0.05800"
"","","C1606","0.1uF","servo:Capacitor","servo:C_0603_1608Metric","","CAP CER 0.1UF 16V X7R 0603 ","","CC0603KPX7R7BB104","311-1335-1-ND","0.05800"
"","","C1607","0.1uF","servo:Capacitor","servo:C_0603_1608Metric","","CAP CER 0.1UF 16V X7R 0603 ","","CC0603KPX7R7BB104","311-1335-1-ND","0.05800"
"","","C1608","0.1uF","servo:Capacitor","servo:C_0603_1608Metric","","CAP CER 0.1UF 16V X7R 0603 ","","CC0603KPX7R7BB104","311-1335-1-ND","0.05800"
"","","C1609","0.1uF","servo:Capacitor","servo:C_0603_1608Metric","","CAP CER 0.1UF 16V X7R 0603 ","","CC0603KPX7R7BB104","311-1335-1-ND","0.05800"
"","","C1610","0.1uF","servo:Capacitor","servo:C_0603_1608Metric","","CAP CER 0.1UF 16V X7R 0603 ","","CC0603KPX7R7BB104","311-1335-1-ND","0.05800"
"","","C1801","10pF","servo:Capacitor","servo:C_0603_1608Metric","","CAP CER 10PF 16V C0G/NP0 0603 ","","885012006017","732-7760-1-ND ","0.02500"
"","","C1802","10pF","servo:Capacitor","servo:C_0603_1608Metric","","CAP CER 10PF 16V C0G/NP0 0603 ","","885012006017","732-7760-1-ND ","0.02500"
"","","C1803","10pF","servo:Capacitor","servo:C_0603_1608Metric","","CAP CER 10PF 16V C0G/NP0 0603 ","","885012006017","732-7760-1-ND ","0.02500"
"","","C1804","10pF","servo:Capacitor","servo:C_0603_1608Metric","","CAP CER 10PF 16V C0G/NP0 0603 ","","885012006017","732-7760-1-ND ","0.02500"
"","","C1805","10pF","servo:Capacitor","servo:C_0603_1608Metric","","CAP CER 10PF 16V C0G/NP0 0603 ","","885012006017","732-7760-1-ND ","0.02500"
"","","C1806","10pF","servo:Capacitor","servo:C_0603_1608Metric","","CAP CER 10PF 16V C0G/NP0 0603 ","","885012006017","732-7760-1-ND ","0.02500"
"","","C1807","10pF","servo:Capacitor","servo:C_0603_1608Metric","","CAP CER 10PF 16V C0G/NP0 0603 ","","885012006017","732-7760-1-ND ","0.02500"
"","","C1808","10pF","servo:Capacitor","servo:C_0603_1608Metric","","CAP CER 10PF 16V C0G/NP0 0603 ","","885012006017","732-7760-1-ND ","0.02500"
"","","C1809","10pF","servo:Capacitor","servo:C_0603_1608Metric","","CAP CER 10PF 16V C0G/NP0 0603 ","","885012006017","732-7760-1-ND ","0.02500"
"","","C1810","10pF","servo:Capacitor","servo:C_0603_1608Metric","","CAP CER 10PF 16V C0G/NP0 0603 ","","885012006017","732-7760-1-ND ","0.02500"
"","","C1811","10pF","servo:Capacitor","servo:C_0603_1608Metric","","CAP CER 10PF 16V C0G/NP0 0603 ","","885012006017","732-7760-1-ND ","0.02500"
"","","C1812","10pF","servo:Capacitor","servo:C_0603_1608Metric","","CAP CER 10PF 16V C0G/NP0 0603 ","","885012006017","732-7760-1-ND ","0.02500"
"","","C1813","10pF","servo:Capacitor","servo:C_0603_1608Metric","","CAP CER 10PF 16V C0G/NP0 0603 ","","885012006017","732-7760-1-ND ","0.02500"
"","","C1814","10pF","servo:Capacitor","servo:C_0603_1608Metric","","CAP CER 10PF 16V C0G/NP0 0603 ","","885012006017","732-7760-1-ND ","0.02500"
"","","C1815","10pF","servo:Capacitor","servo:C_0603_1608Metric","","CAP CER 10PF 16V C0G/NP0 0603 ","","885012006017","732-7760-1-ND ","0.02500"
"","","C1816","10pF","servo:Capacitor","servo:C_0603_1608Metric","","CAP CER 10PF 16V C0G/NP0 0603 ","","885012006017","732-7760-1-ND ","0.02500"
"","","C1817","10pF","servo:Capacitor","servo:C_0603_1608Metric","","CAP CER 10PF 16V C0G/NP0 0603 ","","885012006017","732-7760-1-ND ","0.02500"
"","","C1818","10pF","servo:Capacitor","servo:C_0603_1608Metric","","CAP CER 10PF 16V C0G/NP0 0603 ","","885012006017","732-7760-1-ND ","0.02500"
"","","C1901","0.1uF","servo:Capacitor","servo:C_0603_1608Metric","","CAP CER 0.1UF 16V X7R 0603 ","","CC0603KPX7R7BB104","311-1335-1-ND","0.05800"
"","","C1904","0.1uF","servo:Capacitor","servo:C_0603_1608Metric","","CAP CER 0.1UF 16V X7R 0603 ","","CC0603KPX7R7BB104","311-1335-1-ND","0.05800"
"","","C1905","0.1uF","servo:Capacitor","servo:C_0603_1608Metric","","CAP CER 0.1UF 16V X7R 0603 ","","CC0603KPX7R7BB104","311-1335-1-ND","0.05800"
"","","C1910","0.1uF","servo:Capacitor","servo:C_0603_1608Metric","","CAP CER 0.1UF 16V X7R 0603 ","","CC0603KPX7R7BB104","311-1335-1-ND","0.05800"
"","","C1913","0.1uF","servo:Capacitor","servo:C_0603_1608Metric","","CAP CER 0.1UF 16V X7R 0603 ","","CC0603KPX7R7BB104","311-1335-1-ND","0.05800"
"","","C1914","0.1uF","servo:Capacitor","servo:C_0603_1608Metric","","CAP CER 0.1UF 16V X7R 0603 ","","CC0603KPX7R7BB104","311-1335-1-ND","0.05800"
"","","D401","green@2mA","servo:LED_A2_K1","servo:LED_0603_1608Metric","../doc/datasheets/LG L29K.pdf","LED GREEN DIFFUSED 0603 SMD ","","LG L29K-G2J1-24-Z","475-2709-1-ND","0.31900"
"","","D402","red@2mA","servo:LED_A2_K1","servo:LED_0603_1608Metric","../doc/datasheets/LS L29K.pdf","LED RED DIFFUSED 0603 SMD ","","LS L29K-G1H2-1-Z","475-3124-1-ND","0.33900"
"","","D603","blue@5mA","servo:LED_A2_K1","servo:LED_0603_1608Metric","../doc/datasheets/LB_Q39G_v1.4_9-1-15.pdf","LED BLUE DIFFUSED 0603 SMD ","","LB Q39G-L2OO-35-1","475-2816-1-ND","0.40100"
"","","D604","blue@5mA","servo:LED_A2_K1","servo:LED_0603_1608Metric","../doc/datasheets/LB_Q39G_v1.4_9-1-15.pdf","LED BLUE DIFFUSED 0603 SMD ","","LB Q39G-L2OO-35-1","475-2816-1-ND","0.40100"
"","","D701","red@2mA","servo:LED_A2_K1","servo:LED_0603_1608Metric","../doc/datasheets/LS L29K.pdf","LED RED DIFFUSED 0603 SMD ","","LS L29K-G1H2-1-Z","475-3124-1-ND","0.33900"
"","","D702","yellow@2mA","servo:LED_A2_K1","servo:LED_0603_1608Metric","../doc/datasheets/LY L29K.pdf","LED YELLOW DIFFUSED 0603 SMD ","","LY L29K-H1K2-26-Z ","475-1196-1-ND","0.30100"
"","","D703","zener 5v1","servo:zener","servo:D_SMA","https://diotec.com/tl_files/diotec/files/pdf/datasheets/z1sma1.pdf","Zener Diode 5.1V 1.25W ±5.88% Surface Mount DO-214AC (SMA) ","","BZG05C5V1-M3-08","BZG05C5V1-M3-08GICT-ND","0.32000"
"","","D704","zener 5v1","servo:zener","servo:D_SMA","https://diotec.com/tl_files/diotec/files/pdf/datasheets/z1sma1.pdf","Zener Diode 5.1V 1.25W ±5.88% Surface Mount DO-214AC (SMA) ","","BZG05C5V1-M3-08","BZG05C5V1-M3-08GICT-ND","0.32000"
"","","D705","green@2mA","servo:LED_A2_K1","servo:LED_0603_1608Metric","../doc/datasheets/LS L29K.pdf","LED GREEN DIFFUSED 0603 SMD ","","LG L29K-G2J1-24-Z","475-2709-1-ND","0.31900"
"","","D707","zener 5v1","servo:zener","servo:D_SMA","https://diotec.com/tl_files/diotec/files/pdf/datasheets/z1sma1.pdf","Zener Diode 5.1V 1.25W ±5.88% Surface Mount DO-214AC (SMA) ","","BZG05C5V1-M3-08","BZG05C5V1-M3-08GICT-ND","0.32000"
"","","D708","zener 3v6","servo:zener","servo:D_SMA","https://diotec.com/tl_files/diotec/files/pdf/datasheets/z1sma1.pdf","Zener Diode 3.6V 1.25W ±5.56% Surface Mount DO-214AC (SMA) ","","BZG05C3V6-M3-08","BZG05C3V6-M3-08GICT-ND","0.32000"
"","","D1401","yellow@2mA","servo:LED_A2_K1","servo:LED_0603_1608Metric","../doc/datasheets/LY L29K.pdf","LED YELLOW DIFFUSED 0603 SMD ","","LY L29K-H1K2-26-Z ","475-1196-1-ND","0.30100"
"","","D1402","red@2mA","servo:LED_A2_K1","servo:LED_0603_1608Metric","../doc/datasheets/LS L29K.pdf","LED RED DIFFUSED 0603 SMD ","","LS L29K-G1H2-1-Z","475-3124-1-ND","0.33900"
"","","F701","Fuse","servo:Fuse","servo:fuse_3912","../doc/datasheets/fuse_3912.pdf","2A 600V AC 250V DC Fuse Board Mount (Cartridge Style Excluded) Surface Mount 2-SMD, Square End Block","","SF-3812TM200T-2","SF-3812TM200T-2CT-ND","1.70000"
"","","F702","Fuse","servo:Fuse","servo:fuse_3912","../doc/datasheets/fuse_3912.pdf","2A 600V AC 250V DC Fuse Board Mount (Cartridge Style Excluded) Surface Mount 2-SMD, Square End Block","","SF-3812TM200T-2","SF-3812TM200T-2CT-ND","1.70000"
"","","H1301","fiducials","Mechanical:MountingHole","servo:Fiducial_1mm_Dia_2.54mm_Outer_CopperTop","~","fiducials","","","","0"
"","","H1302","fiducials","Mechanical:MountingHole","servo:Fiducial_1mm_Dia_2.54mm_Outer_CopperBottom","~","fiducials","","","","0"
"","","H1303","fiducials","Mechanical:MountingHole","servo:Fiducial_1mm_Dia_2.54mm_Outer_CopperTop","~","fiducials","","","","0"
"","","H1304","fiducials","Mechanical:MountingHole","servo:Fiducial_1mm_Dia_2.54mm_Outer_CopperBottom","~","fiducials","","","","0"
"","","H1305","fiducials","Mechanical:MountingHole","servo:Fiducial_1mm_Dia_2.54mm_Outer_CopperTop","~","fiducials","","","","0"
"","","H1306","fiducials","Mechanical:MountingHole","servo:Fiducial_1mm_Dia_2.54mm_Outer_CopperBottom","~","fiducials","","","","0"
"","","H1307","fiducials","Mechanical:MountingHole","servo:Fiducial_1mm_Dia_2.54mm_Outer_CopperTop","~","fiducials","","","","0"
"","","H1308","fiducials","Mechanical:MountingHole","servo:Fiducial_1mm_Dia_2.54mm_Outer_CopperBottom","~","fiducials","","","","0"
"","","H1309","Slot","Mechanical:MountingHole","servo:slot","~","slots for isolation","","","","0"
"","","H1310","Slot","Mechanical:MountingHole","servo:slot","~","slots for isolation","","","","0"
"","","H1311","Slot","Mechanical:MountingHole","servo:slot","~","slots for isolation","","","","0"
"","","H1312","Slot","Mechanical:MountingHole","servo:slot","~","slots for isolation","","","","0"
"","","H1313","Slot","Mechanical:MountingHole","servo:slot","~","slots for isolation","","","","0"
"","","H1314","Slot","Mechanical:MountingHole","servo:slot","~","slots for isolation","","","","0"
"","","H1315","Slot","Mechanical:MountingHole","servo:slot","~","slots for isolation","","","","0"
"","","H1316","Slot","Mechanical:MountingHole","servo:slot","~","slots for isolation","","","","0"
"","","H1317","Slot","Mechanical:MountingHole","servo:slot","~","slots for isolation","","","","0"
"","","H1318","Slot","Mechanical:MountingHole","servo:slot","~","slots for isolation","","","","0"
"","","H1319","Slot","Mechanical:MountingHole","servo:slot","~","slots for isolation","","","","0"
"","","H1320","Slot","Mechanical:MountingHole","servo:slot","~","slots for isolation","","","","0"
"","","H1321","Slot","Mechanical:MountingHole","servo:slot","~","slots for isolation","","","","0"
"","","H1322","Slot","Mechanical:MountingHole","servo:slot","~","slots for isolation","","","","0"
"","","H1323","Slot","Mechanical:MountingHole","servo:slot","~","slots for isolation","","","","0"
"","","H1324","Slot","Mechanical:MountingHole","servo:slot","~","slots for isolation","","","","0"
"","","H1325","Slot","Mechanical:MountingHole","servo:slot","~","slots for isolation","","","","0"
"","","H1326","Slot","Mechanical:MountingHole","servo:slot","~","slots for isolation","","","","0"
"","","H1327","Slot","Mechanical:MountingHole","servo:slot","~","slots for isolation","","","","0"
"","","H1328","Slot","Mechanical:MountingHole","servo:slot","~","slots for isolation","","","","0"
"","","H1329","Slot","Mechanical:MountingHole","servo:slot","~","slots for isolation","","","","0"
"","","H1330","Slot","Mechanical:MountingHole","servo:slot","~","slots for isolation","","","","0"
"","","H1331","Slot","Mechanical:MountingHole","servo:slot","~","slots for isolation","","","","0"
"","","H1332","Slot","Mechanical:MountingHole","servo:slot","~","slots for isolation","","","","0"
"","","H1333","Slot","Mechanical:MountingHole","servo:slot","~","slots for isolation","","","","0"
"","","H1334","Slot","Mechanical:MountingHole","servo:slot","~","slots for isolation","","","","0"
"","","H1335","Slot","Mechanical:MountingHole","servo:slot","~","slots for isolation","","","","0"
"","","H1336","Slot","Mechanical:MountingHole","servo:slot","~","slots for isolation","","","","0"
"","","H1337","Slot","Mechanical:MountingHole","servo:slot","~","slots for isolation","","","","0"
"","","H1338","Slot","Mechanical:MountingHole","servo:slot","~","slots for isolation","","","","0"
"","","H1339","Slot","Mechanical:MountingHole","servo:slot","~","slots for isolation","","","","0"
"","","H1340","Slot","Mechanical:MountingHole","servo:slot","~","slots for isolation","","","","0"
"","","H1341","Slot","Mechanical:MountingHole","servo:slot","~","slots for isolation","","","","0"
"","","H1342","Slot","Mechanical:MountingHole","servo:slot","~","slots for isolation","","","","0"
"","","H1343","Slot","Mechanical:MountingHole","servo:slot","~","slots for isolation","","","","0"
"","","H1344","Slot","Mechanical:MountingHole","servo:slot","~","slots for isolation","","","","0"
"","","H1345","Slot","Mechanical:MountingHole","servo:slot_v","~","slots for isolation","","","","0"
"","","H1346","Slot","Mechanical:MountingHole","servo:slot_v","~","slots for isolation","","","","0"
"","","H1347","Slot","Mechanical:MountingHole","servo:slot_v","~","slots for isolation","","","","0"
"","","H1348","Slot","Mechanical:MountingHole","servo:slot_v","~","slots for isolation","","","","0"
"","","H1349","Slot","Mechanical:MountingHole","servo:slot_v","~","slots for isolation","","","","0"
"","","H1350","Slot","Mechanical:MountingHole","servo:slot_v","~","slots for isolation","","","","0"
"","","H1351","Slot","Mechanical:MountingHole","servo:slot_v","~","slots for isolation","","","","0"
"","","H1352","Slot","Mechanical:MountingHole","servo:slot_v","~","slots for isolation","","","","0"
"","","H1353","Slot","Mechanical:MountingHole","servo:slot_v","~","slots for isolation","","","","0"
"","","H1354","Slot","Mechanical:MountingHole","servo:slot_v","~","slots for isolation","","","","0"
"","","H1355","Slot","Mechanical:MountingHole","servo:slot_v","~","slots for isolation","","","","0"
"","","H1356","Slot","Mechanical:MountingHole","servo:slot_v","~","slots for isolation","","","","0"
"","","H1357","Slot","Mechanical:MountingHole","servo:slot","~","slots for isolation","","","","0"
"","","H1358","Slot","Mechanical:MountingHole","servo:slot","~","slots for isolation","","","","0"
"","","IC201","TPD4E001QDBV","servo:TPD4E001QDBV","servo:SOT-23-6","../doc/datasheets/tpd4e001-q1.pdf","TVS DIODE 5.5V 16V SOT23-6 ","","TPD4E001QDBVRQ1","296-39344-1-ND","0.56800"
"","","IC301","TPD4E001QDBV","servo:TPD4E001QDBV","servo:SOT-23-6","../doc/datasheets/tpd4e001-q1.pdf","TVS DIODE 5.5V 16V SOT23-6 ","","TPD4E001QDBVRQ1","296-39344-1-ND","0.56800"
"","","IC302","TPD4E001QDBV","servo:TPD4E001QDBV","servo:SOT-23-6","../doc/datasheets/tpd4e001-q1.pdf","TVS DIODE 5.5V 16V SOT23-6 ","","TPD4E001QDBVRQ1","296-39344-1-ND","0.56800"
"","","IC303","TPD4E001QDBV","servo:TPD4E001QDBV","servo:SOT-23-6","../doc/datasheets/tpd4e001-q1.pdf","TVS DIODE 5.5V 16V SOT23-6 ","","TPD4E001QDBVRQ1","296-39344-1-ND","0.56800"
"","","IC304","TPD4E001QDBV","servo:TPD4E001QDBV","servo:SOT-23-6","../doc/datasheets/tpd4e001-q1.pdf","TVS DIODE 5.5V 16V SOT23-6 ","","TPD4E001QDBVRQ1","296-39344-1-ND","0.56800"
"","","IC305","TPD4E001QDBV","servo:TPD4E001QDBV","servo:SOT-23-6","../doc/datasheets/tpd4e001-q1.pdf","TVS DIODE 5.5V 16V SOT23-6 ","","TPD4E001QDBVRQ1","296-39344-1-ND","0.56800"
"","","IC306","TPD4E001QDBV","servo:TPD4E001QDBV","servo:SOT-23-6","../doc/datasheets/tpd4e001-q1.pdf","TVS DIODE 5.5V 16V SOT23-6 ","","TPD4E001QDBVRQ1","296-39344-1-ND","0.56800"
"","","J201","RJ45 USB","servo:0821-1X1T-36-F","servo:BEL_0821-1X1T-36-F","../doc/datasheets/dr-MAG-0821-1X1T-36-F.pdf","1 Port RJ45 with USB A Magjack Connector Through Hole 10/100 Base-T, AutoMDIX ","","0821-1X1T-36-F ","507-1424-ND ","4.89600"
"","","J601","pin header 2x6 2.54","Connector_Generic:Conn_02x06_Odd_Even","servo:PinSocket_2x06_P2.54mm_Vertical_SMD","~","Connector Header Surface Mount 12 position 0.100"" (2.54mm) ","","GBC06DABN-M30","S2351E-06-ND","1.10200"
"","","J701","tblock 2x4 5.08","Connector_Generic:Conn_02x04_Row_Letter_Last","servo:tblock02x04","","8 Position Terminal Block Header, Male Pins, Shrouded (4 Side) 0.200"" (5.08mm) 90°, Right Angle Through Hole ","","1736713","277-1401-ND ","5.37000"
"","","J1001","tblock 2x6 3.81","servo:tblock2x6","servo:tblock02x6_3.81","../doc/datasheets/tblock2rows.pdf","12 Position Terminal Block Header, Male Pins, Shrouded (4 Side) 0.150"" (3.81mm) 90°, Right Angle Through Hole ","","1843114 ","277-6009-ND ","7.50500"
"","","J1101","tblock 2x10 3.81","Connector_Generic:Conn_02x10_Row_Letter_Last","servo:tblock02x10_3.81","~","20 Position Terminal Block Header, Male Pins, Shrouded (4 Side) 0.150"" (3.81mm) 90°, Right Angle Through Hole ","","1843156 ","277-6029-ND","12.49300"
"","","J1201","tblock 2x4 3.81","servo:tblock2x4","servo:tblock02x4_3.81","../doc/datsheets/tblock2xrows.pdf","8 Position Terminal Block Header, Male Pins, Shrouded (4 Side) 0.150"" (3.81mm) 90°, Right Angle Through Hole","","1843091","277-6025-ND","5.01100"
"","","J1401","idc2x10","servo:NHD-4.3-480272FT-CTXL-T","servo:idc2x10_smd","../doc/datasheets/NHD-4.3-480272FT-CTXL-T.pdf"," Connector Header Surface Mount 20 position 0.100"" (2.54mm) ","","SBH11-NBPC-D10-SM-BK","S9188-ND","4.42400"
"","","J1402","header 1x2 2.54 molex","servo:Conn_01x02","servo:Molex_KK-254_AE-6410-02A_1x02_P2.54mm_Vertical","","Connector Header Through Hole 2 position 0.100"" (2.54mm) ","","0022232023 "," WM19468-ND ","0.23100"
"","","J1501","tblock 2x3 5.08","servo:tblock2x3","servo:tblock02x03","../doc/dfatasheets/tblock2rows.pdf","6 Position Terminal Block Header, Male Pins, Shrouded (4 Side) 0.200"" (5.08mm) 90°, Right Angle Through Hole ","","1762376 "," 277-1400-ND ","3.95500"
"","","J1502","tblock 2x3 5.08","servo:tblock2x3","servo:tblock02x03","../doc/dfatasheets/tblock2rows.pdf","6 Position Terminal Block Header, Male Pins, Shrouded (4 Side) 0.200"" (5.08mm) 90°, Right Angle Through Hole ","","1762376 "," 277-1400-ND ","3.95500"
"","","J1503","tblock 2x3 5.08","servo:tblock2x3","servo:tblock02x03","../doc/dfatasheets/tblock2rows.pdf","6 Position Terminal Block Header, Male Pins, Shrouded (4 Side) 0.200"" (5.08mm) 90°, Right Angle Through Hole ","","1762376 "," 277-1400-ND ","3.95500"
"","","J1504","tblock 2x3 5.08","servo:tblock2x3","servo:tblock02x03","../doc/dfatasheets/tblock2rows.pdf","6 Position Terminal Block Header, Male Pins, Shrouded (4 Side) 0.200"" (5.08mm) 90°, Right Angle Through Hole ","","1762376 "," 277-1400-ND ","3.95500"
"","","J1505","tblock 2x3 5.08","servo:tblock2x3","servo:tblock02x03","../doc/dfatasheets/tblock2rows.pdf","6 Position Terminal Block Header, Male Pins, Shrouded (4 Side) 0.200"" (5.08mm) 90°, Right Angle Through Hole ","","1762376 "," 277-1400-ND ","3.95500"
"","","J1506","tblock 2x3 5.08","servo:tblock2x3","servo:tblock02x03","../doc/datasheets/tblock2rows.pdf","6 Position Terminal Block Header, Male Pins, Shrouded (4 Side) 0.200"" (5.08mm) 90°, Right Angle Through Hole ","","1762376 "," 277-1400-ND ","3.95500"
"","","J1704","idc2x17","Connector_Generic:Conn_02x17_Odd_Even","servo:idc2x17_smd","~","Connector Header Surface Mount 34 position 0.100"" (2.54mm) ","","SBH11-NBPC-D17-SM-BK","S9191-ND","1.31900"
"","","J1705","idc2x17","Connector_Generic:Conn_02x17_Odd_Even","servo:idc2x17_smd","~","Connector Header Surface Mount 34 position 0.100"" (2.54mm) ","","SBH11-NBPC-D17-SM-BK","S9191-ND","1.31900"
"","","J1901","tblock 2x6 3.81","servo:tblock2x6","servo:tblock02x6_3.81","../doc/datasheets/tblock2rows.pdf","12 Position Terminal Block Header, Male Pins, Shrouded (4 Side) 0.150"" (3.81mm) 90°, Right Angle Through Hole ","","1843114 ","277-6009-ND ","7.50500"
"","","JP201","jumper","servo:jumper","servo:SolderJumper-2_P1.3mm_Open_RoundedPad1.0x1.5mm","~","jumper smd bridge using tin","","-","-","0"
"","","JP401","jumper","servo:jumper","servo:SolderJumper-2_P1.3mm_Open_RoundedPad1.0x1.5mm","~","jumper smd bridge using tin","","-","-","0"
"","","JP402","jumper","servo:jumper","servo:SolderJumper-2_P1.3mm_Open_RoundedPad1.0x1.5mm","~","jumper smd bridge using tin","","-","-","0"
"","","JP701","jumper","servo:jumper","servo:SolderJumper-2_P1.3mm_Open_RoundedPad1.0x1.5mm","~","jumper smd bridge using tin","","-","-","0"
"","","JP702","jumper","servo:jumper","servo:R_1806_4516Metric_Pad1.57x1.80mm_HandSolder","~","jumper smd bridge using tin","","-","-","0"
"","","JP703","jumper","servo:jumper","servo:wire_bridge_38mm","~","jumper smd bridge using tin","","-","-","0"
"","","JP704","jumper","servo:jumper","servo:wire_bridge_44mm","~","jumper smd bridge using tin","","-","-","0"
"","","JP705","jumper","servo:jumper","servo:R_1806_4516Metric_Pad1.57x1.80mm_HandSolder","~","jumper smd bridge using tin","","-","-","0"
"","","JP706","jumper","servo:jumper","servo:R_1806_4516Metric_Pad1.57x1.80mm_HandSolder","~","jumper smd bridge using tin","","-","-","0"
"","","JP707","jumper","servo:jumper","servo:R_1806_4516Metric_Pad1.57x1.80mm_HandSolder","~","jumper smd bridge using tin","","-","-","0"
"","","L501","50 ohm@100Mhz","servo:Ferrite_Bead","servo:L_1206_3216Metric_Pad1.42x1.75mm_HandSolder","","50 Ohms @ 100MHz 1 Power Line Ferrite Bead 1206 (3216 Metric) 3A 30mOhm ","","PE-1206PFB500ST","553-2403-1-ND","0.14900"
"","","L502","50 ohm@100Mhz","servo:Ferrite_Bead","servo:L_1206_3216Metric_Pad1.42x1.75mm_HandSolder","","50 Ohms @ 100MHz 1 Power Line Ferrite Bead 1206 (3216 Metric) 3A 30mOhm ","","PE-1206PFB500ST","553-2403-1-ND","0.14900"
"","","L503","120 ohm@100mHz","servo:Ferrite_Bead","servo:L_1206_3216Metric_Pad1.42x1.75mm_HandSolder","","120 Ohms @ 100MHz 1 Power Line Ferrite Bead 1206 (3216 Metric) 3A 30mOhm ","","PE-1206PFB121ST","553-2402-1-ND","0.14900"
"","","L1601","50 ohm@100Mhz","servo:L_Small","servo:L_1206_3216Metric_Pad1.42x1.75mm_HandSolder","~","50 Ohms @ 100MHz 1 Power Line Ferrite Bead 1206 (3216 Metric) 3A 30mOhm ","","PE-1206PFB500ST","553-2403-1-ND","0.14900"
"","","L1602","50 ohm@100Mhz","servo:L_Small","servo:L_1206_3216Metric_Pad1.42x1.75mm_HandSolder","~","50 Ohms @ 100MHz 1 Power Line Ferrite Bead 1206 (3216 Metric) 3A 30mOhm ","","PE-1206PFB500ST","553-2403-1-ND","0.14900"
"","","L1603","50 ohm@100Mhz","servo:L_Small","servo:L_1206_3216Metric_Pad1.42x1.75mm_HandSolder","~","50 Ohms @ 100MHz 1 Power Line Ferrite Bead 1206 (3216 Metric) 3A 30mOhm ","","PE-1206PFB500ST","553-2403-1-ND","0.14900"
"","","L1604","50 ohm@100Mhz","servo:L_Small","servo:L_1206_3216Metric_Pad1.42x1.75mm_HandSolder","~","50 Ohms @ 100MHz 1 Power Line Ferrite Bead 1206 (3216 Metric) 3A 30mOhm ","","PE-1206PFB500ST","553-2403-1-ND","0.14900"
"","","LOGO1301","Logo_Open_Hardware_Large","Graphic:Logo_Open_Hardware_Large","Symbol:OSHW-Symbol_13.4x12mm_SilkScreen","~","logo open hard","","-","","0"
"","","N1301","Housing","Mechanical:Housing","servo:case","~","case housing","","-","","0"
"","","PS701","IRM-10-5","servo:IRM-10-5","servo:Converter_ACDC_MeanWell_IRM-10-xx_THT","../doc/datasheets/irm-10.pdf","Enclosed AC DC Converter 1 Output 5V 2A 85 ~ 305 VAC, 120 ~ 430 VDC Input ","","RM-10-5 ","1866-3032-ND ","8.89300"
"","","PS702","IRM-10-5","servo:irm-10-12","servo:Converter_ACDC_MeanWell_IRM-10-xx_THT","../doc/datasheets/irm-10.pdf","Enclosed AC DC Converter 1 Output 5V 2A 85 ~ 305 VAC, 120 ~ 430 VDC Input ","","RM-10-5 ","1866-3032-ND ","8.89300"
"","","R201","4.87k","servo:Resistor","servo:R_0603_1608Metric","","","","","",""
"","","R202","10.0k","servo:Resistor","servo:R_0603_1608Metric","","","","","",""
"","","R203","0","servo:Resistor","servo:R_0603_1608Metric","","","","","",""
"","","R204","2.2k","servo:Resistor","servo:R_0603_1608Metric","","","","","",""
"","","R205","49.9","servo:Resistor","servo:R_0603_1608Metric","","","","","",""
"","","R206","49.9","servo:Resistor","servo:R_0603_1608Metric","","","","","",""
"","","R207","49.9","servo:Resistor","servo:R_0603_1608Metric","","","","","",""
"","","R208","2.2k","servo:Resistor","servo:R_0603_1608Metric","","","","","",""
"","","R209","49.9","servo:Resistor","servo:R_0603_1608Metric","","","","","",""
"","","R210","10","servo:Resistor","servo:R_1206_3216Metric_Pad1.42x1.75mm_HandSolder","","","","","",""
"","","R211","2.2k","servo:Resistor","servo:R_0603_1608Metric","","","","","",""
"","","R212","470","servo:Resistor","servo:R_0603_1608Metric","","","","","",""
"","","R213","470","servo:Resistor","servo:R_0603_1608Metric","","","","","",""
"","","R301","1k","servo:Resistor","servo:R_0603_1608Metric","","","","","",""
"","","R302","1k(dnp)","servo:Resistor","servo:R_0603_1608Metric","","","","","",""
"","","R401","2.2k","servo:Resistor","servo:R_0603_1608Metric","","","","","",""
"","","R402","2.2k","servo:Resistor","servo:R_0603_1608Metric","","","","","",""
"","","R403","2.2k","servo:Resistor","servo:R_0603_1608Metric","","","","","",""
"","","R404","2.2k","servo:Resistor","servo:R_0603_1608Metric","","","","","",""
"","","R405","2.2k","servo:Resistor","servo:R_0603_1608Metric","","","","","",""
"","","R406","2.2k","servo:Resistor","servo:R_0603_1608Metric","","","","","",""
"","","R407","2.2k","servo:Resistor","servo:R_0603_1608Metric","","","","","",""
"","","R408","2.2k","servo:Resistor","servo:R_0603_1608Metric","","","","","",""
"","","R409","2.2k","servo:Resistor","servo:R_0603_1608Metric","","","","","",""
"","","R410","2.2k","servo:Resistor","servo:R_0603_1608Metric","","","","","",""
"","","R411","2.2k","servo:Resistor","servo:R_0603_1608Metric","","","","","",""
"","","R412","2.2k","servo:Resistor","servo:R_0603_1608Metric","","","","","",""
"","","R413","2.2k","servo:Resistor","servo:R_0603_1608Metric","","","","","",""
"","","R414","2.2k","servo:Resistor","servo:R_0603_1608Metric","","","","","",""
"","","R415","2.2k","servo:Resistor","servo:R_0603_1608Metric","","","","","",""
"","","R416","2.2k","servo:Resistor","servo:R_0603_1608Metric","","","","","",""
"","","R417","4.7k","servo:Resistor","servo:R_0603_1608Metric","","","","","",""
"","","R418","4.7k","servo:Resistor","servo:R_0603_1608Metric","","","","","",""
"","","R419","680","servo:Resistor","servo:R_0603_1608Metric","","","","","",""
"","","R420","680","servo:Resistor","servo:R_0603_1608Metric","","","","","",""
"","","R421","4.87k","servo:Resistor","servo:R_0603_1608Metric","","","","","",""
"","","R422","10.0k","servo:Resistor","servo:R_0603_1608Metric","","","","","",""
"","","R423","0","servo:Resistor","servo:R_0603_1608Metric","","","","","",""
"","","R424","4.87k","servo:Resistor","servo:R_0603_1608Metric","","","","","",""
"","","R425","10.0k","servo:Resistor","servo:R_0603_1608Metric","","","","","",""
"","","R426","0","servo:Resistor","servo:R_0603_1608Metric","","","","","",""
"","","R427","2.2k","servo:Resistor","servo:R_0603_1608Metric","","","","","",""
"","","R429","49.9","servo:Resistor","servo:R_0603_1608Metric","","","","","",""
"","","R430","49.9","servo:Resistor","servo:R_0603_1608Metric","","","","","",""
"","","R431","49.9","servo:Resistor","servo:R_0603_1608Metric","","","","","",""
"","","R432","49.9","servo:Resistor","servo:R_0603_1608Metric","","","","","",""
"","","R433","2.2k","servo:Resistor","servo:R_0603_1608Metric","","","","","",""
"","","R434","2.2k","servo:Resistor","servo:R_0603_1608Metric","","","","","",""
"","","R435","49.9","servo:Resistor","servo:R_0603_1608Metric","","","","","",""
"","","R436","0e(dnp)","servo:Resistor","servo:R_0603_1608Metric","","","","","",""
"","","R437","49.9","servo:Resistor","servo:R_0603_1608Metric","","","","","",""
"","","R438","49.9","servo:Resistor","servo:R_0603_1608Metric","","","","","",""
"","","R439","0e(dnp)","servo:Resistor","servo:R_0603_1608Metric","","","","","",""
"","","R440","49.9","servo:Resistor","servo:R_0603_1608Metric","","","","","",""
"","","R441","470","servo:Resistor","servo:R_0603_1608Metric","","","","","",""
"","","R442","470","servo:Resistor","servo:R_0603_1608Metric","","","","","",""
"","","R445","470","servo:Resistor","servo:R_0603_1608Metric","","","","","",""
"","","R446","470","servo:Resistor","servo:R_0603_1608Metric","","","","","",""
"","","R603","560","servo:Resistor","servo:R_0603_1608Metric","","","","","",""
"","","R604","56k","servo:Resistor","servo:R_0805_2012Metric_Pad1.15x1.40mm_HandSolder","","","","","",""
"","","R605","56k","servo:Resistor","servo:R_0805_2012Metric_Pad1.15x1.40mm_HandSolder","","","","","",""
"","","R606","560","servo:Resistor","servo:R_0603_1608Metric","","","","","",""
"","","R607","2.2k","servo:Resistor","servo:R_0603_1608Metric","","","","","",""
"","","R608","100e","servo:Resistor","servo:R_0603_1608Metric","","","","","",""
"","","R609","100e","servo:Resistor","servo:R_0603_1608Metric","","","","","",""
"","","R610","2.2k","servo:Resistor","servo:R_0603_1608Metric","","","","","",""
"","","R701","1k2","servo:Resistor","servo:R_0603_1608Metric","","","","","",""
"","","R702","1k2","servo:Resistor","servo:R_0603_1608Metric","","","","","",""
"","","R705","680","servo:Resistor","servo:R_0603_1608Metric","","","","","",""
"","","R801","22","servo:Resistor","servo:R_0603_1608Metric","","","","","",""
"","","R802","22","servo:Resistor","servo:R_0603_1608Metric","","","","","",""
"","","R803","22","servo:Resistor","servo:R_0603_1608Metric","","","","","",""
"","","R804","22","servo:Resistor","servo:R_0603_1608Metric","","","","","",""
"","","R805","22","servo:Resistor","servo:R_0603_1608Metric","","","","","",""
"","","R806","22","servo:Resistor","servo:R_0603_1608Metric","","","","","",""
"","","R807","22","servo:Resistor","servo:R_0603_1608Metric","","","","","",""
"","","R808","22","servo:Resistor","servo:R_0603_1608Metric","","","","","",""
"","","R809","22","servo:Resistor","servo:R_0603_1608Metric","","","","","",""
"","","R810","22","servo:Resistor","servo:R_0603_1608Metric","","","","","",""
"","","R811","22","servo:Resistor","servo:R_0603_1608Metric","","","","","",""
"","","R812","22","servo:Resistor","servo:R_0603_1608Metric","","","","","",""
"","","R813","22","servo:Resistor","servo:R_0603_1608Metric","","","","","",""
"","","R814","22","servo:Resistor","servo:R_0603_1608Metric","","","","","",""
"","","R815","22","servo:Resistor","servo:R_0603_1608Metric","","","","","",""
"","","R816","22","servo:Resistor","servo:R_0603_1608Metric","","","","","",""
"","","R817","22","servo:Resistor","servo:R_0603_1608Metric","","","","","",""
"","","R818","22","servo:Resistor","servo:R_0603_1608Metric","","","","","",""
"","","R819","22","servo:Resistor","servo:R_0603_1608Metric","","","","","",""
"","","R820","22","servo:Resistor","servo:R_0603_1608Metric","","","","","",""
"","","R821","22","servo:Resistor","servo:R_0603_1608Metric","","","","","",""
"","","R822","22","servo:Resistor","servo:R_0603_1608Metric","","","","","",""
"","","R823","22","servo:Resistor","servo:R_0603_1608Metric","","","","","",""
"","","R824","22","servo:Resistor","servo:R_0603_1608Metric","","","","","",""
"","","R901","2k2","servo:Resistor","servo:R_0603_1608Metric","","","","","",""
"","","R902","2k2","servo:Resistor","servo:R_0603_1608Metric","","","","","",""
"","","R903","2k2","servo:Resistor","servo:R_0603_1608Metric","","","","","",""
"","","R904","2k2","servo:Resistor","servo:R_0603_1608Metric","","","","","",""
"","","R905","12","servo:Resistor","servo:R_0603_1608Metric","","","","","",""
"","","R906","12","servo:Resistor","servo:R_0603_1608Metric","","","","","",""
"","","R907","2k2","servo:Resistor","servo:R_0603_1608Metric","","","","","",""
"","","R908","120(dnp)","servo:Resistor","servo:R_0603_1608Metric","","","","","",""
"","","R909","10k","servo:Resistor","servo:R_0603_1608Metric","","","","","",""
"","","R910","1k(dnp)","servo:Resistor","servo:R_0603_1608Metric","","","","","",""
"","","R911","10k","servo:Resistor","servo:R_0603_1608Metric","","","","","",""
"","","R912","1k(dnp)","servo:Resistor","servo:R_0603_1608Metric","","","","","",""
"","","R913","10k","servo:Resistor","servo:R_0603_1608Metric","","","","","",""
"","","R914","1k(dnp)","servo:Resistor","servo:R_0603_1608Metric","","","","","",""
"","","R915","10k","servo:Resistor","servo:R_0603_1608Metric","","","","","",""
"","","R916","1k(dnp)","servo:Resistor","servo:R_0603_1608Metric","","","","","",""
"","","R917","10k","servo:Resistor","servo:R_0603_1608Metric","","","","","",""
"","","R918","12","servo:Resistor","servo:R_0603_1608Metric","","","","","",""
"","","R919","12","servo:Resistor","servo:R_0603_1608Metric","","","","","",""
"","","R920","2k2","servo:Resistor","servo:R_0603_1608Metric","","","","","",""
"","","R921","2k2","servo:Resistor","servo:R_0603_1608Metric","","","","","",""
"","","R922","2k2","servo:Resistor","servo:R_0603_1608Metric","","","","","",""
"","","R923","2k2","servo:Resistor","servo:R_0603_1608Metric","","","","","",""
"","","R1001","10k","servo:R_Small","servo:R_0603_1608Metric","~","","","","",""
"","","R1002","1k","servo:R_Small","servo:R_0603_1608Metric","~","","","","",""
"","","R1003","10k","servo:R_Small","servo:R_0603_1608Metric","~","","","","",""
"","","R1004","10k","servo:R_Small","servo:R_0603_1608Metric","~","","","","",""
"","","R1005","1k","servo:R_Small","servo:R_0603_1608Metric","~","","","","",""
"","","R1006","10k","servo:R_Small","servo:R_0603_1608Metric","~","","","","",""
"","","R1007","10k","servo:R_Small","servo:R_0603_1608Metric","~","","","","",""
"","","R1008","1k","servo:R_Small","servo:R_0603_1608Metric","~","","","","",""
"","","R1009","10k","servo:R_Small","servo:R_0603_1608Metric","~","","","","",""
"","","R1010","10k","servo:R_Small","servo:R_0603_1608Metric","~","","","","",""
"","","R1011","1k","servo:R_Small","servo:R_0603_1608Metric","~","","","","",""
"","","R1012","10k","servo:R_Small","servo:R_0603_1608Metric","~","","","","",""
"","","R1101","10k","servo:R_Small","servo:R_0603_1608Metric","~","","","","",""
"","","R1102","1k","servo:R_Small","servo:R_0603_1608Metric","~","","","","",""
"","","R1103","10k","servo:R_Small","servo:R_0603_1608Metric","~","","","","",""
"","","R1104","10k","servo:R_Small","servo:R_0603_1608Metric","~","","","","",""
"","","R1105","1k","servo:R_Small","servo:R_0603_1608Metric","~","","","","",""
"","","R1106","10k","servo:R_Small","servo:R_0603_1608Metric","~","","","","",""
"","","R1107","10k","servo:R_Small","servo:R_0603_1608Metric","~","","","","",""
"","","R1108","1k","servo:R_Small","servo:R_0603_1608Metric","~","","","","",""
"","","R1109","10k","servo:R_Small","servo:R_0603_1608Metric","~","","","","",""
"","","R1110","10k","servo:R_Small","servo:R_0603_1608Metric","~","","","","",""
"","","R1111","1k","servo:R_Small","servo:R_0603_1608Metric","~","","","","",""
"","","R1112","10k","servo:R_Small","servo:R_0603_1608Metric","~","","","","",""
"","","R1113","10k","servo:R_Small","servo:R_0603_1608Metric","~","","","","",""
"","","R1114","1k","servo:R_Small","servo:R_0603_1608Metric","~","","","","",""
"","","R1115","10k","servo:R_Small","servo:R_0603_1608Metric","~","","","","",""
"","","R1116","10k","servo:R_Small","servo:R_0603_1608Metric","~","","","","",""
"","","R1117","1k","servo:R_Small","servo:R_0603_1608Metric","~","","","","",""
"","","R1118","10k","servo:R_Small","servo:R_0603_1608Metric","~","","","","",""
"","","R1119","10k","servo:R_Small","servo:R_0603_1608Metric","~","","","","",""
"","","R1120","1k","servo:R_Small","servo:R_0603_1608Metric","~","","","","",""
"","","R1121","10k","servo:R_Small","servo:R_0603_1608Metric","~","","","","",""
"","","R1122","10k","servo:R_Small","servo:R_0603_1608Metric","~","","","","",""
"","","R1123","1k","servo:R_Small","servo:R_0603_1608Metric","~","","","","",""
"","","R1124","10k","servo:R_Small","servo:R_0603_1608Metric","~","","","","",""
"","","R1201","10k","servo:R_Small","servo:R_0603_1608Metric","~","","","","",""
"","","R1202","1k","servo:R_Small","servo:R_0603_1608Metric","~","","","","",""
"","","R1203","10k","servo:R_Small","servo:R_0603_1608Metric","~","","","","",""
"","","R1204","10k","servo:R_Small","servo:R_0603_1608Metric","~","","","","",""
"","","R1205","1k","servo:R_Small","servo:R_0603_1608Metric","~","","","","",""
"","","R1206","10k","servo:R_Small","servo:R_0603_1608Metric","~","","","","",""
"","","R1401","560","servo:Resistor","servo:R_0603_1608Metric","","","","","",""
"","","R1402","560","servo:Resistor","servo:R_0603_1608Metric","","","","","",""
"","","R1403","680","servo:Resistor","servo:R_0603_1608Metric","","","","","",""
"","","R1404","220","servo:Resistor","servo:R_0603_1608Metric","","","","","",""
"","","R1501","5k","servo:Resistor","servo:R_0603_1608Metric","","","","","",""
"","","R1502","3.3k","servo:Resistor","servo:R_0603_1608Metric","","","","","",""
"","","R1503","5k","servo:Resistor","servo:R_0603_1608Metric","","","","","",""
"","","R1504","3.3k","servo:Resistor","servo:R_0603_1608Metric","","","","","",""
"","","R1505","5k","servo:Resistor","servo:R_0603_1608Metric","","","","","",""
"","","R1506","3.3k","servo:Resistor","servo:R_0603_1608Metric","","","","","",""
"","","R1507","5k","servo:Resistor","servo:R_0603_1608Metric","","","","","",""
"","","R1508","3.3k","servo:Resistor","servo:R_0603_1608Metric","","","","","",""
"","","R1509","5k","servo:Resistor","servo:R_0603_1608Metric","","","","","",""
"","","R1510","3.3k","servo:Resistor","servo:R_0603_1608Metric","","","","","",""
"","","R1511","5k","servo:Resistor","servo:R_0603_1608Metric","","","","","",""
"","","R1512","3.3k","servo:Resistor","servo:R_0603_1608Metric","","","","","",""
"","","R1601","12","servo:Resistor","servo:R_0603_1608Metric","","","","","",""
"","","R1602","12","servo:Resistor","servo:R_0603_1608Metric","","","","","",""
"","","R1603","12","servo:Resistor","servo:R_0603_1608Metric","","","","","",""
"","","R1604","12","servo:Resistor","servo:R_0603_1608Metric","","","","","",""
"","","R1605","100","servo:Resistor","servo:R_0603_1608Metric","","","","","",""
"","","R1606","100","servo:Resistor","servo:R_0603_1608Metric","","","","","",""
"","","R1607","1k(dnp)","servo:Resistor","servo:R_0603_1608Metric","","","","","",""
"","","R1608","3k3","servo:Resistor","servo:R_0603_1608Metric","","","","","",""
"","","R1609","1k(dnp)","servo:Resistor","servo:R_0603_1608Metric","","","","","",""
"","","R1610","3k3","servo:Resistor","servo:R_0603_1608Metric","","","","","",""
"","","R1611","2M2","servo:Resistor","servo:R_1206_3216Metric_Pad1.42x1.75mm_HandSolder","","","","","",""
"","","R1612","2M2","servo:Resistor","servo:R_1206_3216Metric_Pad1.42x1.75mm_HandSolder","","","","","",""
"","","R1613","2M2","servo:Resistor","servo:R_1206_3216Metric_Pad1.42x1.75mm_HandSolder","","","","","",""
"","","R1614","2M2","servo:Resistor","servo:R_1206_3216Metric_Pad1.42x1.75mm_HandSolder","","","","","",""
"","","R1615","2M2","servo:Resistor","servo:R_1206_3216Metric_Pad1.42x1.75mm_HandSolder","","","","","",""
"","","R1616","2M2","servo:Resistor","servo:R_1206_3216Metric_Pad1.42x1.75mm_HandSolder","","","","","",""
"","","R1617","2M2","servo:Resistor","servo:R_1206_3216Metric_Pad1.42x1.75mm_HandSolder","","","","","",""
"","","R1618","2M2","servo:Resistor","servo:R_1206_3216Metric_Pad1.42x1.75mm_HandSolder","","","","","",""
"","","R1801","10","servo:Resistor","servo:R_0603_1608Metric","","","","","",""
"","","R1802","10","servo:Resistor","servo:R_0603_1608Metric","","","","","",""
"","","R1803","10","servo:Resistor","servo:R_0603_1608Metric","","","","","",""
"","","R1804","10","servo:Resistor","servo:R_0603_1608Metric","","","","","",""
"","","R1805","10","servo:Resistor","servo:R_0603_1608Metric","","","","","",""
"","","R1806","10","servo:Resistor","servo:R_0603_1608Metric","","","","","",""
"","","R1807","10","servo:Resistor","servo:R_0603_1608Metric","","","","","",""
"","","R1808","10","servo:Resistor","servo:R_0603_1608Metric","","","","","",""
"","","R1809","10","servo:Resistor","servo:R_0603_1608Metric","","","","","",""
"","","R1810","10","servo:Resistor","servo:R_0603_1608Metric","","","","","",""
"","","R1811","10","servo:Resistor","servo:R_0603_1608Metric","","","","","",""
"","","R1812","10","servo:Resistor","servo:R_0603_1608Metric","","","","","",""
"","","R1901","0","servo:Resistor","servo:R_0603_1608Metric","","","","","",""
"","","R1902","0e(dnp)","servo:Resistor","servo:R_0603_1608Metric","","","","","",""
"","","R1903","10k","servo:R_Small","servo:R_0603_1608Metric","~","","","","",""
"","","R1904","1k","servo:R_Small","servo:R_0603_1608Metric","~","","","","",""
"","","R1905","10k","servo:R_Small","servo:R_0603_1608Metric","~","","","","",""
"","","R1906","10k","servo:R_Small","servo:R_0603_1608Metric","~","","","","",""
"","","R1907","1k","servo:R_Small","servo:R_0603_1608Metric","~","","","","",""
"","","R1908","10k","servo:R_Small","servo:R_0603_1608Metric","~","","","","",""
"","","R1911","10k","servo:R_Small","servo:R_0603_1608Metric","~","","","","",""
"","","R1912","1k","servo:R_Small","servo:R_0603_1608Metric","~","","","","",""
"","","R1913","10k","servo:R_Small","servo:R_0603_1608Metric","~","","","","",""
"","","R1914","10k","servo:R_Small","servo:R_0603_1608Metric","~","","","","",""
"","","R1915","1k","servo:R_Small","servo:R_0603_1608Metric","~","","","","",""
"","","R1916","10k","servo:R_Small","servo:R_0603_1608Metric","~","","","","",""
"","","R1931","0e(dnp)","servo:Resistor","servo:R_0603_1608Metric","","","","","",""
"","","R1932","0","servo:Resistor","servo:R_0603_1608Metric","","","","","",""
"","","U201","DP83822","servo:DP83822","servo:QFN-32-1EP_5x5mm_P0.5mm_EP2.9x2.9mm_ThermalVias","../doc/datasheets/dp83822i.pdf","Ethernet Interface 32-VQFN (5x5) ","","DP83822IRHBR","296-47256-1-ND","2.37700"
"","","U301","TMS320F28388DZWTS","servo:TMS320F28388","servo:BGA337CP80_19X19_1600X1600X140B50N","../doc/datasheets/tms320f28388d_datasheet.pdf","32-bit MCU with connectivity manager, 2x C28x+CLA CPU, 1.5 MB flash, FPU64, CLB, Ethernet, EtherCAT","","TMS320F28388DZWTS","","14.96"
"","","U401","CAT24C16WI","servo:CAT24C16WI","servo:SOIC-8_3.9x4.9mm_P1.27mm","../doc/datasheets/CAT24C01-D.PDF","EEPROM Memory IC 16Kb (2K x 8) I²C 400kHz 900ns 8-SOIC","CAT24C16WI-GT3","CAT24C16WI-GT3","CAT24C16WI-GT3CT-ND ","0.16300"
"","","U402","DP83822","servo:DP83822","servo:QFN-32-1EP_5x5mm_P0.5mm_EP2.9x2.9mm_ThermalVias","../doc/datasheets/dp83822i.pdf","Ethernet Interface 32-VQFN (5x5) ","","DP83822IRHBR","296-47256-1-ND","2.37700"
"","","U403","DP83822","servo:DP83822","servo:QFN-32-1EP_5x5mm_P0.5mm_EP2.9x2.9mm_ThermalVias","../doc/datasheets/dp83822i.pdf","Ethernet Interface 32-VQFN (5x5) ","","DP83822IRHBR","296-47256-1-ND","2.37700"
"","","U404","RJ45x2","servo:rj45x2_0845-2G1T-H5","servo:rj45x2_0845-2G1T-H5","../doc/datasheets/rj45x2_dr-MAG-0845-2G1T-H5-1309698.pdf","2 Port RJ45 Magjack Connector Through Hole 10/100 Base-T, AutoMDIX ","","0845-2G1T-H5 ","380-1123-ND","7.17400"
"","","U602","SST26VF032B-104V/SM (M25PX32-VMW)","servo:M25PX32-VMW","servo:SOIJ-8_5.3x5.3mm_P1.27mm","../doc/datasheets/SST26VF032B_nor_flash.pdf","FLASH Memory IC 32Mb (4M x 8) SPI - Quad I/O 104MHz 8-SOIJ","","SST26VF032B-104V/SM","SST26VF032B-104V/SM-ND ","1.67000"
"","","U702","R-78B3.3-2.0  Reg sw 3.3v 2A","servo:R-78E3.3-1.0","servo:Converter_DCDC_RECOM_R-78E-0.5_THT","../doc/datasheets/R-78B-2.0.pdf","Linear Regulator Replacement DC DC Converter 1 Output 3.3V 2A 4.75V - 32V Input ","","R-78B3.3-2.0 ","945-3040-ND","9.71800"
"","","U706","AP2114 Reg linear 1.2v 1A","servo:AP2114","servo:SOT-223","../doc/datasheets/AP2114.pdf","Linear Voltage Regulator IC Positive Fixed 1 Output 1A SOT-223 ","","AP2114H-1.2TRG1","AP2114H-1.2TRG1DICT-ND","0.29600"
"","","U801","SI8660BD","servo:SI8660BD","servo:SOIC-16W_7.5x10.3mm_P1.27mm","../doc/datasheets/Si8660.pdf","General Purpose Digital Isolator 5000Vrms 6 Channel 150Mbps 35kV/µs CMTI 16-SOIC (0.295"", 7.50mm Width) ","","SI8660BD-B-ISR"," 336-4786-1-ND","2.75000"
"","","U802","SI8662BD","servo:SI8662BD","servo:SOIC-16W_7.5x10.3mm_P1.27mm","../doc/datasheets/Si8660.pdf","General Purpose Digital Isolator 5000Vrms 6 Channel 150Mbps 35kV/µs CMTI 16-SOIC (0.295"", 7.50mm Width)","","SI8662BD-B-IS","336-2125-5-ND ","2.75000"
"","","U803","SN74LVC2G17DBVR","servo:SN74LVC2G17DBVR","servo:SOT-23-6","../doc/datasheets/sn74lvc2g17.pdf","Buffer, Non-Inverting 2 Element 1 Bit per Element Push-Pull Output SOT-23-6","","SN74LVC2G17DBVR"," 296-SN74LVC2G17DBVRCT-ND ","0.30200"
"","","U804","SN74LVC2G17DBVR","servo:SN74LVC2G17DBVR","servo:SOT-23-6","../doc/datasheets/sn74lvc2g17.pdf","Buffer, Non-Inverting 2 Element 1 Bit per Element Push-Pull Output SOT-23-6","","SN74LVC2G17DBVR"," 296-SN74LVC2G17DBVRCT-ND ","0.30200"
"","","U805","SN74LVC2G17DBVR","servo:SN74LVC2G17DBVR","servo:SOT-23-6","../doc/datasheets/sn74lvc2g17.pdf","Buffer, Non-Inverting 2 Element 1 Bit per Element Push-Pull Output SOT-23-6","","SN74LVC2G17DBVR"," 296-SN74LVC2G17DBVRCT-ND ","0.30200"
"","","U806","SN74LVC2G17DBVR","servo:SN74LVC2G17DBVR","servo:SOT-23-6","../doc/datasheets/sn74lvc2g17.pdf","Buffer, Non-Inverting 2 Element 1 Bit per Element Push-Pull Output SOT-23-6","","SN74LVC2G17DBVR"," 296-SN74LVC2G17DBVRCT-ND ","0.30200"
"","","U807","SN74LVC2G17DBVR","servo:SN74LVC2G17DBVR","servo:SOT-23-6","../doc/datasheets/sn74lvc2g17.pdf","Buffer, Non-Inverting 2 Element 1 Bit per Element Push-Pull Output SOT-23-6","","SN74LVC2G17DBVR"," 296-SN74LVC2G17DBVRCT-ND ","0.30200"
"","","U808","SN74LVC2G17DBVR","servo:SN74LVC2G17DBVR","servo:SOT-23-6","../doc/datasheets/sn74lvc2g17.pdf","Buffer, Non-Inverting 2 Element 1 Bit per Element Push-Pull Output SOT-23-6","","SN74LVC2G17DBVR"," 296-SN74LVC2G17DBVRCT-ND ","0.30200"
"","","U809","SN74LVC2G17DBVR","servo:SN74LVC2G17DBVR","servo:SOT-23-6","../doc/datasheets/sn74lvc2g17.pdf","Buffer, Non-Inverting 2 Element 1 Bit per Element Push-Pull Output SOT-23-6","","SN74LVC2G17DBVR"," 296-SN74LVC2G17DBVRCT-ND ","0.30200"
"","","U810","SN74LVC2G17DBVR","servo:SN74LVC2G17DBVR","servo:SOT-23-6","../doc/datasheets/sn74lvc2g17.pdf","Buffer, Non-Inverting 2 Element 1 Bit per Element Push-Pull Output SOT-23-6","","SN74LVC2G17DBVR"," 296-SN74LVC2G17DBVRCT-ND ","0.30200"
"","","U811","SN74LVC2G17DBVR","servo:SN74LVC2G17DBVR","servo:SOT-23-6","../doc/datasheets/sn74lvc2g17.pdf","Buffer, Non-Inverting 2 Element 1 Bit per Element Push-Pull Output SOT-23-6","","SN74LVC2G17DBVR"," 296-SN74LVC2G17DBVRCT-ND ","0.30200"
"","","U812","SN74LVC2G17DBVR","servo:SN74LVC2G17DBVR","servo:SOT-23-6","../doc/datasheets/sn74lvc2g17.pdf","Buffer, Non-Inverting 2 Element 1 Bit per Element Push-Pull Output SOT-23-6","","SN74LVC2G17DBVR"," 296-SN74LVC2G17DBVRCT-ND ","0.30200"
"","","U813","SI8660BD","servo:SI8660BD","servo:SOIC-16W_7.5x10.3mm_P1.27mm","../doc/datasheets/Si8660.pdf","General Purpose Digital Isolator 5000Vrms 6 Channel 150Mbps 35kV/µs CMTI 16-SOIC (0.295"", 7.50mm Width) ","","SI8660BD-B-ISR"," 336-4786-1-ND","2.75000"
"","","U814","SI8662BD","servo:SI8662BD","servo:SOIC-16W_7.5x10.3mm_P1.27mm","../doc/datasheets/Si8660.pdf","General Purpose Digital Isolator 5000Vrms 6 Channel 150Mbps 35kV/µs CMTI 16-SOIC (0.295"", 7.50mm Width)","","SI8662BD-B-IS","336-2125-5-ND ","2.75000"
"","","U901","AMC1311B","servo:AMC1311B","servo:SSO-8_7.6x5.9mm_P1.27mm_Clearance9.1mm","../doc/datasheets/amc1311.pdf","Isolation IC 8-SOIC ","","AMC1311BDWV","296-47610-ND","7.24300"
"","","U902","AMC1311B","servo:AMC1311B","servo:SSO-8_7.6x5.9mm_P1.27mm_Clearance9.1mm","../doc/datasheets/amc1311.pdf","Isolation IC 8-SOIC ","","AMC1311BDWV","296-47610-ND","7.24300"
"","","U903","ADM2483","servo:ADM2483","servo:SOIC-16W_7.5x10.3mm_P1.27mm","../doc/datasheets/adm2483.pdf","RS422, RS485 Digital Isolator 2500Vrms 3 Channel 500kbps 25kV/µs CMTI 16-SOIC (0.295"", 7.50mm Width) ","","ADM2483BRWZ","ADM2483BRWZ-ND","5.59000"
"","","U904","AMC1311B","servo:AMC1311B","servo:SSO-8_7.6x5.9mm_P1.27mm_Clearance9.1mm","../doc/datasheets/amc1311.pdf","Isolation IC 8-SOIC ","","AMC1311BDWV","296-47610-ND","7.24300"
"","","U905","AMC1311B","servo:AMC1311B","servo:SSO-8_7.6x5.9mm_P1.27mm_Clearance9.1mm","../doc/datasheets/amc1311.pdf","Isolation IC 8-SOIC ","","AMC1311BDWV","296-47610-ND","7.24300"
"","","U1001","am26ls32a","servo:am26ls32a","servo:SOIC-16W_5.3x10.2mm_P1.27mm","../doc/datasheets/am26ls32a.pdf","0/4 Receiver RS422, RS423 16-SOIC ","","AM26LS32ACDR ","296-1011-1-ND","0.57800"
"","","U1101","SI8660BD","servo:SI8660BD","servo:SOIC-16W_7.5x10.3mm_P1.27mm","../doc/datasheets/Si8660.pdf","General Purpose Digital Isolator 5000Vrms 6 Channel 150Mbps 35kV/µs CMTI 16-SOIC (0.295"", 7.50mm Width) ","","SI8660BD-B-ISR"," 336-4786-1-ND","2.75000"
"","","U1102","am26ls32a","servo:am26ls32a","servo:SOIC-16W_5.3x10.2mm_P1.27mm","../doc/datasheets/am26ls32a.pdf","0/4 Receiver RS422, RS423 16-SOIC ","","AM26LS32ACDR ","296-1011-1-ND","0.57800"
"","","U1103","am26ls32a","servo:am26ls32a","servo:SOIC-16W_5.3x10.2mm_P1.27mm","../doc/datasheets/am26ls32a.pdf","0/4 Receiver RS422, RS423 16-SOIC ","","AM26LS32ACDR ","296-1011-1-ND","0.57800"
"","","U1104","SI8660BD","servo:SI8660BD","servo:SOIC-16W_7.5x10.3mm_P1.27mm","../doc/datasheets/Si8660.pdf","General Purpose Digital Isolator 5000Vrms 6 Channel 150Mbps 35kV/µs CMTI 16-SOIC (0.295"", 7.50mm Width) ","","SI8660BD-B-ISR"," 336-4786-1-ND","2.75000"
"","","U1201","ISO1050","servo:ISO1050","servo:SSO-8_6.7x9.8mm_P2.54mm_Clearance8mm","../doc/datasheets/iso1050.pdf","1/1 Transceiver Half CANbus 8-SOP ","","ISO1050DUB","296-33295-5-ND","5.27900"
"","","U1202","ADM2483","servo:ADM2483","servo:SOIC-16W_7.5x10.3mm_P1.27mm","../doc/datasheets/adm2483.pdf","RS422, RS485 Digital Isolator 2500Vrms 3 Channel 500kbps 25kV/µs CMTI 16-SOIC (0.295"", 7.50mm Width) ","","ADM2483BRWZ","ADM2483BRWZ-ND","5.59000"
"","","U1401","PAM8301","servo:PAM8301","servo:SOT-23-6","https://www.diodes.com/assets/Datasheets/PAM8301.pdf","Amplifier IC 1-Channel (Mono) Class D SOT-23-6","","PAM8301AAF","PAM8301AAFDICT-ND ","0.46800"
"","","U1501","LXS6-NPS","servo:LXS6-NPS","servo:LEM_LXS-NP","../doc/datasheets/lem_lxs_series.pdf","Current Sensor 6A 1 Channel Hall Effect, Closed Loop Bidirectional Module ","","LXS 6-NPS","398-1212-ND","12.50000"
"","","U1502","LXS6-NPS","servo:LXS6-NPS","servo:LEM_LXS-NP","../doc/datasheets/lem_lxs_series.pdf","Current Sensor 6A 1 Channel Hall Effect, Closed Loop Bidirectional Module ","","LXS 6-NPS","398-1212-ND","12.50000"
"","","U1503","LXS6-NPS","servo:LXS6-NPS","servo:LEM_LXS-NP","../doc/datasheets/lem_lxs_series.pdf","Current Sensor 6A 1 Channel Hall Effect, Closed Loop Bidirectional Module ","","LXS 6-NPS","398-1212-ND","12.50000"
"","","U1504","LXS6-NPS","servo:LXS6-NPS","servo:LEM_LXS-NP","../doc/datasheets/lem_lxs_series.pdf","Current Sensor 6A 1 Channel Hall Effect, Closed Loop Bidirectional Module ","","LXS 6-NPS","398-1212-ND","12.50000"
"","","U1505","LXS6-NPS","servo:LXS6-NPS","servo:LEM_LXS-NP","../doc/datasheets/lem_lxs_series.pdf","Current Sensor 6A 1 Channel Hall Effect, Closed Loop Bidirectional Module ","","LXS 6-NPS","398-1212-ND","12.50000"
"","","U1506","LXS6-NPS","servo:LXS6-NPS","servo:LEM_LXS-NP","../doc/datasheets/lem_lxs_series.pdf","Current Sensor 6A 1 Channel Hall Effect, Closed Loop Bidirectional Module ","","LXS 6-NPS","398-1212-ND","12.50000"
"","","U1601","AMC1311B","servo:AMC1311B","servo:SSO-8_7.6x5.9mm_P1.27mm_Clearance9.1mm","../doc/datasheets/amc1311.pdf","Isolation IC 8-SOIC ","","AMC1311BDWV","296-47610-ND","7.24300"
"","","U1602","AMC1311B","servo:AMC1311B","servo:SSO-8_7.6x5.9mm_P1.27mm_Clearance9.1mm","../doc/datasheets/amc1311.pdf","Isolation IC 8-SOIC ","","AMC1311BDWV","296-47610-ND","7.24300"
"","","U1603","DC/DC 5V 1W RFM-0505S","servo:RFM-0505S","servo:rfm0505","../doc/datasheets/rfm0505s.pdf","Isolated Module DC DC Converter 1 Output 5V 200mA - 5V Input ","","RFM-0505S","945-3159-ND","1.36000"
"","","U1604","DC/DC 5V 1W RFM-0505S","servo:RFM-0505S","servo:rfm0505","../doc/datasheets/rfm0505s.pdf","Isolated Module DC DC Converter 1 Output 5V 200mA - 5V Input ","","RFM-0505S","945-3159-ND","1.36000"
"","","U1801","SI8661BD","servo:SI8661BD","servo:SOIC-16W_7.5x10.3mm_P1.27mm","../doc/datasheets/Si8660.pdf","General Purpose Digital Isolator 5000Vrms 6 Channel 150Mbps 35kV/µs CMTI 16-SOIC (0.295"", 7.50mm Width) ","","SI8661BD-B-ISR","336-4411-1-ND ","2.75000"
"","","U1802","SI8661BD","servo:SI8661BD","servo:SOIC-16W_7.5x10.3mm_P1.27mm","../doc/datasheets/Si8660.pdf","General Purpose Digital Isolator 5000Vrms 6 Channel 150Mbps 35kV/µs CMTI 16-SOIC (0.295"", 7.50mm Width) ","","SI8661BD-B-ISR","336-4411-1-ND ","2.75000"
"","","U1803","SN74LVC2G17DBVR","servo:SN74LVC2G17DBVR","servo:SOT-23-6","../doc/datasheets/sn74lvc2g17.pdf","Buffer, Non-Inverting 2 Element 1 Bit per Element Push-Pull Output SOT-23-6","","SN74LVC2G17DBVR"," 296-SN74LVC2G17DBVRCT-ND ","0.30200"
"","","U1804","SN74LVC2G17DBVR","servo:SN74LVC2G17DBVR","servo:SOT-23-6","../doc/datasheets/sn74lvc2g17.pdf","Buffer, Non-Inverting 2 Element 1 Bit per Element Push-Pull Output SOT-23-6","","SN74LVC2G17DBVR"," 296-SN74LVC2G17DBVRCT-ND ","0.30200"
"","","U1901","SI8662BD","servo:SI8662BD","servo:SOIC-16W_7.5x10.3mm_P1.27mm","../doc/datasheets/Si8660.pdf","General Purpose Digital Isolator 5000Vrms 6 Channel 150Mbps 35kV/µs CMTI 16-SOIC (0.295"", 7.50mm Width)","","SI8662BD-B-IS","336-2125-5-ND ","2.75000"
"","","U1904","SN75C1168DBR","servo:SN75C1167DBR","servo:SOIC-16W_5.3x10.2mm_P1.27mm","../doc/datasheets/sn65c1168.pdf","2/2 Transceiver Full RS422, RS485 16-SSOP ","","SN75C1168DBR","296-SN75C1168DBRCT-ND","1.55300"
"","","U1905","SN75C1168DBR","servo:SN75C1167DBR","servo:SOIC-16W_5.3x10.2mm_P1.27mm","../doc/datasheets/sn65c1168.pdf","2/2 Transceiver Full RS422, RS485 16-SSOP ","","SN75C1168DBR","296-SN75C1168DBRCT-ND","1.55300"
"","","U1908","SI8662BD","servo:SI8662BD","servo:SOIC-16W_7.5x10.3mm_P1.27mm","../doc/datasheets/Si8660.pdf","General Purpose Digital Isolator 5000Vrms 6 Channel 150Mbps 35kV/µs CMTI 16-SOIC (0.295"", 7.50mm Width)","","SI8662BD-B-IS","336-2125-5-ND ","2.75000"
"","","Y201","osc 25Mhz","servo:OSC_4P_1_TRI-STATE","servo:Crystal_SMD_2520-4Pin_2.5x2.0mm","../doc/datasheets//ECS-2520S.pdf","25MHz XO (Standard) HCMOS Oscillator 3.3V Enable/Disable 4-SMD, No Lead ","","ECS-2520S33-250-FN-TR","XC2198CT-ND ","1.41900"
"","","Y401","osc 25Mhz","servo:OSC_4P_1_TRI-STATE","servo:Crystal_SMD_2520-4Pin_2.5x2.0mm","../doc/datasheets//ECS-2520S.pdf","25MHz XO (Standard) HCMOS Oscillator 3.3V Enable/Disable 4-SMD, No Lead ","","ECS-2520S33-250-FN-TR","XC2198CT-ND ","1.41900"
"","","Y402","osc 25Mhz","servo:OSC_4P_1_TRI-STATE","servo:Crystal_SMD_2520-4Pin_2.5x2.0mm","../doc/datasheets//ECS-2520S.pdf","25MHz XO (Standard) HCMOS Oscillator 3.3V Enable/Disable 4-SMD, No Lead ","","ECS-2520S33-250-FN-TR","XC2198CT-ND ","1.41900"
"","","Y601","osc 25Mhz","servo:OSC_4P_1_TRI-STATE","servo:Crystal_SMD_2520-4Pin_2.5x2.0mm","../doc/datasheets//ECS-2520S.pdf","25MHz XO (Standard) HCMOS Oscillator 3.3V Enable/Disable 4-SMD, No Lead ","","ECS-2520S33-250-FN-TR","XC2198CT-ND ","1.41900"
"","","logo1301","nanocut","servo:logo","servo:logo_nanocut","~","logo nanocut","","-","","0"
"","","logo1302","pslavkin","servo:logo","servo:logo_pslavkin","~","logo pslavkin","","-","","0"
"","","logo1303","recycler","servo:logo","Symbol:WEEE-Logo_5.6x8mm_SilkScreen","~","logo recycler","","-","","0"
"","","logo1304","GNU","servo:logo","Symbol:Symbol_GNU-Logo_SilkscreenTop","~","logo gnu","","-","","0"
"","","logo1305","neurona","servo:logo","servo:logo_neurona_20mm","~",",logo neurona","","-","","0"
"","","ref1301","kicad","servo:logo","Symbol:KiCad-Logo_6mm_SilkScreen","~","logo kicad","","-","","0"
"","","ref1302","high_voltage","servo:high_voltage","servo:Symbol_Highvoltage_Type1_CopperTop_Small","~","logo high voltage","","-","","0"
"","","ref1303","high_voltage","servo:high_voltage","servo:Symbol_Highvoltage_Type1_CopperTop_Small","~","logo high voltage","","-","","0"
"","","ref1304","high_voltage","servo:high_voltage","servo:Symbol_Highvoltage_Type1_CopperTop_Small","~","logo high voltage","","-","","0"
"","","ref1305","high_voltage","servo:high_voltage","servo:Symbol_Highvoltage_Type1_CopperTop_Small","~","logo high voltage","","-","","0"



"Collated Components:"

"Item","Qty","Reference(s)","Value","LibPart","Footprint","Datasheet","Description","Fieldname","PartNumber","digikey","price@10"
"1","99","C202, C207, C209, C211, C304, C404, C405, C411, C412, C414, C418, C419, C422, C423, C501, C502, C503, C504, C505, C506, C507, C511, C512, C514, C515, C516, C517, C518, C519, C520, C521, C523, C524, C525, C601, C602, C603, C703, C714, C828, C829, C830, C831, C832, C835, C836, C837, C838, C839, C840, C841, C842, C903, C904, C905, C906, C907, C908, C909, C910, C911, C912, C913, C914, C917, C918, C1001, C1101, C1102, C1103, C1104, C1105, C1106, C1201, C1202, C1203, C1204, C1504, C1505, C1508, C1510, C1511, C1512, C1601, C1602, C1603, C1604, C1605, C1606, C1607, C1608, C1609, C1610, C1901, C1904, C1905, C1910, C1913, C1914","0.1uF","servo:Capacitor","servo:C_0603_1608Metric","","CAP CER 0.1UF 16V X7R 0603 ","","CC0603KPX7R7BB104","311-1335-1-ND","0.05800"
"2","14","C204, C205, C407, C408, C409, C410, C526, C530, C704, C712, C825, C826, C833, C834","10uF","servo:Capacitor","servo:C_0603_1608Metric","","10µF ±20% 10V Ceramic Capacitor X5R 0603 (1608 Metric) ","","GRM188R61A106ME69D ","490-10475-1-ND","0.15400"
"3","7","C214, C216, C302, C426, C427, C428, C429","1uF","servo:Capacitor","servo:C_0603_1608Metric","","CAP CER 1UF 10V X7R 0603","","C0603C105K8RACTU","399-11133-1-ND","0.06400"
"4","2","C217, C434","4n7","servo:Capacitor","servo:C_1206_3216Metric","","4700pF ±10% 100V Ceramic Capacitor X7R 1206 (3216 Metric) ","","12061C472KAT2A","478-1521-1-ND","0.18700"
"5","3","C301, C701, C708","22uF","servo:Capacitor","servo:C_0603_1608Metric","","CAP CER 22UF 6.3V X5R 0603 ","","GRM188R60J226MEA0D","490-7611-1-ND","0.19400"
"6","6","C303, C528, C529, C531, C702, C710","2.2uF","servo:Capacitor","servo:C_0603_1608Metric","","CAP CER 2.2UF 16V X6S 0603 ","","GRT188C81C225KE13D","490-12287-1-ND","0.35500"
"7","24","C801, C802, C803, C804, C805, C806, C807, C808, C809, C810, C811, C812, C813, C814, C815, C816, C817, C818, C819, C820, C821, C822, C823, C824","100pF","servo:Capacitor","servo:C_0603_1608Metric","","CAP CER 100PF 10V X7R 0603 ","","885012206003"," 732-7922-1-ND","0.02100"
"8","11","C901, C902, C915, C916, C1401, C1501, C1502, C1509, C1513, C1514, C1515","1nF","servo:Capacitor","servo:C_0603_1608Metric","","CAP CER 1000PF 16V X7R 0603 ","","0603B102K160CT","1292-1378-1-ND ","0.04100"
"9","2","C1403, C1404","47Uf","servo:Capacitor","servo:C_0603_1608Metric","","47µF ±20% 6.3V Ceramic Capacitor X5R 0603 (1608 Metric) ","","GRM188R60J476ME15D","490-13247-6-ND","0.46900"
"10","18","C1801, C1802, C1803, C1804, C1805, C1806, C1807, C1808, C1809, C1810, C1811, C1812, C1813, C1814, C1815, C1816, C1817, C1818","10pF","servo:Capacitor","servo:C_0603_1608Metric","","CAP CER 10PF 16V C0G/NP0 0603 ","","885012006017","732-7760-1-ND ","0.02500"
"11","2","D401, D705","green@2mA","servo:LED_A2_K1","servo:LED_0603_1608Metric","../doc/datasheets/LG L29K.pdf","LED GREEN DIFFUSED 0603 SMD ","","LG L29K-G2J1-24-Z","475-2709-1-ND","0.31900"
"12","3","D402, D701, D1402","red@2mA","servo:LED_A2_K1","servo:LED_0603_1608Metric","../doc/datasheets/LS L29K.pdf","LED RED DIFFUSED 0603 SMD ","","LS L29K-G1H2-1-Z","475-3124-1-ND","0.33900"
"13","2","D603, D604","blue@5mA","servo:LED_A2_K1","servo:LED_0603_1608Metric","../doc/datasheets/LB_Q39G_v1.4_9-1-15.pdf","LED BLUE DIFFUSED 0603 SMD ","","LB Q39G-L2OO-35-1","475-2816-1-ND","0.40100"
"14","2","D702, D1401","yellow@2mA","servo:LED_A2_K1","servo:LED_0603_1608Metric","../doc/datasheets/LY L29K.pdf","LED YELLOW DIFFUSED 0603 SMD ","","LY L29K-H1K2-26-Z ","475-1196-1-ND","0.30100"
"15","3","D703, D704, D707","zener 5v1","servo:zener","servo:D_SMA","https://diotec.com/tl_files/diotec/files/pdf/datasheets/z1sma1.pdf","Zener Diode 5.1V 1.25W ±5.88% Surface Mount DO-214AC (SMA) ","","BZG05C5V1-M3-08","BZG05C5V1-M3-08GICT-ND","0.32000"
"16","1","D708","zener 3v6","servo:zener","servo:D_SMA","https://diotec.com/tl_files/diotec/files/pdf/datasheets/z1sma1.pdf","Zener Diode 3.6V 1.25W ±5.56% Surface Mount DO-214AC (SMA) ","","BZG05C3V6-M3-08","BZG05C3V6-M3-08GICT-ND","0.32000"
"17","2","F701, F702","Fuse","servo:Fuse","servo:fuse_3912","../doc/datasheets/fuse_3912.pdf","2A 600V AC 250V DC Fuse Board Mount (Cartridge Style Excluded) Surface Mount 2-SMD, Square End Block","","SF-3812TM200T-2","SF-3812TM200T-2CT-ND","1.70000"
"18","4","H1301, H1303, H1305, H1307","fiducials","Mechanical:MountingHole","servo:Fiducial_1mm_Dia_2.54mm_Outer_CopperTop","~","fiducials","","","","0"
"19","4","H1302, H1304, H1306, H1308","fiducials","Mechanical:MountingHole","servo:Fiducial_1mm_Dia_2.54mm_Outer_CopperBottom","~","fiducials","","","","0"
"20","38","H1309, H1310, H1311, H1312, H1313, H1314, H1315, H1316, H1317, H1318, H1319, H1320, H1321, H1322, H1323, H1324, H1325, H1326, H1327, H1328, H1329, H1330, H1331, H1332, H1333, H1334, H1335, H1336, H1337, H1338, H1339, H1340, H1341, H1342, H1343, H1344, H1357, H1358","Slot","Mechanical:MountingHole","servo:slot","~","slots for isolation","","","","0"
"21","12","H1345, H1346, H1347, H1348, H1349, H1350, H1351, H1352, H1353, H1354, H1355, H1356","Slot","Mechanical:MountingHole","servo:slot_v","~","slots for isolation","","","","0"
"22","7","IC201, IC301, IC302, IC303, IC304, IC305, IC306","TPD4E001QDBV","servo:TPD4E001QDBV","servo:SOT-23-6","../doc/datasheets/tpd4e001-q1.pdf","TVS DIODE 5.5V 16V SOT23-6 ","","TPD4E001QDBVRQ1","296-39344-1-ND","0.56800"
"23","1","J201","RJ45 USB","servo:0821-1X1T-36-F","servo:BEL_0821-1X1T-36-F","../doc/datasheets/dr-MAG-0821-1X1T-36-F.pdf","1 Port RJ45 with USB A Magjack Connector Through Hole 10/100 Base-T, AutoMDIX ","","0821-1X1T-36-F ","507-1424-ND ","4.89600"
"24","1","J601","pin header 2x6 2.54","Connector_Generic:Conn_02x06_Odd_Even","servo:PinSocket_2x06_P2.54mm_Vertical_SMD","~","Connector Header Surface Mount 12 position 0.100"" (2.54mm) ","","GBC06DABN-M30","S2351E-06-ND","1.10200"
"25","1","J701","tblock 2x4 5.08","Connector_Generic:Conn_02x04_Row_Letter_Last","servo:tblock02x04","","8 Position Terminal Block Header, Male Pins, Shrouded (4 Side) 0.200"" (5.08mm) 90°, Right Angle Through Hole ","","1736713","277-1401-ND ","5.37000"
"26","2","J1001, J1901","tblock 2x6 3.81","servo:tblock2x6","servo:tblock02x6_3.81","../doc/datasheets/tblock2rows.pdf","12 Position Terminal Block Header, Male Pins, Shrouded (4 Side) 0.150"" (3.81mm) 90°, Right Angle Through Hole ","","1843114 ","277-6009-ND ","7.50500"
"27","1","J1101","tblock 2x10 3.81","Connector_Generic:Conn_02x10_Row_Letter_Last","servo:tblock02x10_3.81","~","20 Position Terminal Block Header, Male Pins, Shrouded (4 Side) 0.150"" (3.81mm) 90°, Right Angle Through Hole ","","1843156 ","277-6029-ND","12.49300"
"28","1","J1201","tblock 2x4 3.81","servo:tblock2x4","servo:tblock02x4_3.81","../doc/datsheets/tblock2xrows.pdf","8 Position Terminal Block Header, Male Pins, Shrouded (4 Side) 0.150"" (3.81mm) 90°, Right Angle Through Hole","","1843091","277-6025-ND","5.01100"
"29","1","J1401","idc2x10","servo:NHD-4.3-480272FT-CTXL-T","servo:idc2x10_smd","../doc/datasheets/NHD-4.3-480272FT-CTXL-T.pdf"," Connector Header Surface Mount 20 position 0.100"" (2.54mm) ","","SBH11-NBPC-D10-SM-BK","S9188-ND","4.42400"
"30","1","J1402","header 1x2 2.54 molex","servo:Conn_01x02","servo:Molex_KK-254_AE-6410-02A_1x02_P2.54mm_Vertical","","Connector Header Through Hole 2 position 0.100"" (2.54mm) ","","0022232023 "," WM19468-ND ","0.23100"
"31","6","J1501, J1502, J1503, J1504, J1505, J1506","tblock 2x3 5.08","servo:tblock2x3","servo:tblock02x03","../doc/dfatasheets/tblock2rows.pdf","6 Position Terminal Block Header, Male Pins, Shrouded (4 Side) 0.200"" (5.08mm) 90°, Right Angle Through Hole ","","1762376 "," 277-1400-ND ","3.95500"
"32","2","J1704, J1705","idc2x17","Connector_Generic:Conn_02x17_Odd_Even","servo:idc2x17_smd","~","Connector Header Surface Mount 34 position 0.100"" (2.54mm) ","","SBH11-NBPC-D17-SM-BK","S9191-ND","1.31900"
"33","4","JP201, JP401, JP402, JP701","jumper","servo:jumper","servo:SolderJumper-2_P1.3mm_Open_RoundedPad1.0x1.5mm","~","jumper smd bridge using tin","","-","-","0"
"34","4","JP702, JP705, JP706, JP707","jumper","servo:jumper","servo:R_1806_4516Metric_Pad1.57x1.80mm_HandSolder","~","jumper smd bridge using tin","","-","-","0"
"35","1","JP703","jumper","servo:jumper","servo:wire_bridge_38mm","~","jumper smd bridge using tin","","-","-","0"
"36","1","JP704","jumper","servo:jumper","servo:wire_bridge_44mm","~","jumper smd bridge using tin","","-","-","0"
"37","2","L501, L502","50 ohm@100Mhz","servo:Ferrite_Bead","servo:L_1206_3216Metric_Pad1.42x1.75mm_HandSolder","","50 Ohms @ 100MHz 1 Power Line Ferrite Bead 1206 (3216 Metric) 3A 30mOhm ","","PE-1206PFB500ST","553-2403-1-ND","0.14900"
"38","1","L503","120 ohm@100mHz","servo:Ferrite_Bead","servo:L_1206_3216Metric_Pad1.42x1.75mm_HandSolder","","120 Ohms @ 100MHz 1 Power Line Ferrite Bead 1206 (3216 Metric) 3A 30mOhm ","","PE-1206PFB121ST","553-2402-1-ND","0.14900"
"39","4","L1601, L1602, L1603, L1604","50 ohm@100Mhz","servo:L_Small","servo:L_1206_3216Metric_Pad1.42x1.75mm_HandSolder","~","50 Ohms @ 100MHz 1 Power Line Ferrite Bead 1206 (3216 Metric) 3A 30mOhm ","","PE-1206PFB500ST","553-2403-1-ND","0.14900"
"40","1","LOGO1301","Logo_Open_Hardware_Large","Graphic:Logo_Open_Hardware_Large","Symbol:OSHW-Symbol_13.4x12mm_SilkScreen","~","logo open hard","","-","","0"
"41","1","N1301","Housing","Mechanical:Housing","servo:case","~","case housing","","-","","0"
"42","1","PS701","IRM-10-5","servo:IRM-10-5","servo:Converter_ACDC_MeanWell_IRM-10-xx_THT","../doc/datasheets/irm-10.pdf","Enclosed AC DC Converter 1 Output 5V 2A 85 ~ 305 VAC, 120 ~ 430 VDC Input ","","RM-10-5 ","1866-3032-ND ","8.89300"
"43","1","PS702","IRM-10-5","servo:irm-10-12","servo:Converter_ACDC_MeanWell_IRM-10-xx_THT","../doc/datasheets/irm-10.pdf","Enclosed AC DC Converter 1 Output 5V 2A 85 ~ 305 VAC, 120 ~ 430 VDC Input ","","RM-10-5 ","1866-3032-ND ","8.89300"
"44","3","R201, R421, R424","4.87k","servo:Resistor","servo:R_0603_1608Metric","","","","","",""
"45","3","R202, R422, R425","10.0k","servo:Resistor","servo:R_0603_1608Metric","","","","","",""
"46","5","R203, R423, R426, R1901, R1932","0","servo:Resistor","servo:R_0603_1608Metric","","","","","",""
"47","24","R204, R208, R211, R401, R402, R403, R404, R405, R406, R407, R408, R409, R410, R411, R412, R413, R414, R415, R416, R427, R433, R434, R607, R610","2.2k","servo:Resistor","servo:R_0603_1608Metric","","","","","",""
"48","12","R205, R206, R207, R209, R429, R430, R431, R432, R435, R437, R438, R440","49.9","servo:Resistor","servo:R_0603_1608Metric","","","","","",""
"49","1","R210","10","servo:Resistor","servo:R_1206_3216Metric_Pad1.42x1.75mm_HandSolder","","","","","",""
"50","6","R212, R213, R441, R442, R445, R446","470","servo:Resistor","servo:R_0603_1608Metric","","","","","",""
"51","1","R301","1k","servo:Resistor","servo:R_0603_1608Metric","","","","","",""
"52","7","R302, R910, R912, R914, R916, R1607, R1609","1k(dnp)","servo:Resistor","servo:R_0603_1608Metric","","","","","",""
"53","2","R417, R418","4.7k","servo:Resistor","servo:R_0603_1608Metric","","","","","",""
"54","4","R419, R420, R705, R1403","680","servo:Resistor","servo:R_0603_1608Metric","","","","","",""
"55","4","R436, R439, R1902, R1931","0e(dnp)","servo:Resistor","servo:R_0603_1608Metric","","","","","",""
"56","4","R603, R606, R1401, R1402","560","servo:Resistor","servo:R_0603_1608Metric","","","","","",""
"57","2","R604, R605","56k","servo:Resistor","servo:R_0805_2012Metric_Pad1.15x1.40mm_HandSolder","","","","","",""
"58","2","R608, R609","100e","servo:Resistor","servo:R_0603_1608Metric","","","","","",""
"59","2","R701, R702","1k2","servo:Resistor","servo:R_0603_1608Metric","","","","","",""
"60","24","R801, R802, R803, R804, R805, R806, R807, R808, R809, R810, R811, R812, R813, R814, R815, R816, R817, R818, R819, R820, R821, R822, R823, R824","22","servo:Resistor","servo:R_0603_1608Metric","","","","","",""
"61","9","R901, R902, R903, R904, R907, R920, R921, R922, R923","2k2","servo:Resistor","servo:R_0603_1608Metric","","","","","",""
"62","8","R905, R906, R918, R919, R1601, R1602, R1603, R1604","12","servo:Resistor","servo:R_0603_1608Metric","","","","","",""
"63","1","R908","120(dnp)","servo:Resistor","servo:R_0603_1608Metric","","","","","",""
"64","5","R909, R911, R913, R915, R917","10k","servo:Resistor","servo:R_0603_1608Metric","","","","","",""
"65","36","R1001, R1003, R1004, R1006, R1007, R1009, R1010, R1012, R1101, R1103, R1104, R1106, R1107, R1109, R1110, R1112, R1113, R1115, R1116, R1118, R1119, R1121, R1122, R1124, R1201, R1203, R1204, R1206, R1903, R1905, R1906, R1908, R1911, R1913, R1914, R1916","10k","servo:R_Small","servo:R_0603_1608Metric","~","","","","",""
"66","18","R1002, R1005, R1008, R1011, R1102, R1105, R1108, R1111, R1114, R1117, R1120, R1123, R1202, R1205, R1904, R1907, R1912, R1915","1k","servo:R_Small","servo:R_0603_1608Metric","~","","","","",""
"67","1","R1404","220","servo:Resistor","servo:R_0603_1608Metric","","","","","",""
"68","6","R1501, R1503, R1505, R1507, R1509, R1511","5k","servo:Resistor","servo:R_0603_1608Metric","","","","","",""
"69","6","R1502, R1504, R1506, R1508, R1510, R1512","3.3k","servo:Resistor","servo:R_0603_1608Metric","","","","","",""
"70","2","R1605, R1606","100","servo:Resistor","servo:R_0603_1608Metric","","","","","",""
"71","2","R1608, R1610","3k3","servo:Resistor","servo:R_0603_1608Metric","","","","","",""
"72","8","R1611, R1612, R1613, R1614, R1615, R1616, R1617, R1618","2M2","servo:Resistor","servo:R_1206_3216Metric_Pad1.42x1.75mm_HandSolder","","","","","",""
"73","12","R1801, R1802, R1803, R1804, R1805, R1806, R1807, R1808, R1809, R1810, R1811, R1812","10","servo:Resistor","servo:R_0603_1608Metric","","","","","",""
"74","3","U201, U402, U403","DP83822","servo:DP83822","servo:QFN-32-1EP_5x5mm_P0.5mm_EP2.9x2.9mm_ThermalVias","../doc/datasheets/dp83822i.pdf","Ethernet Interface 32-VQFN (5x5) ","","DP83822IRHBR","296-47256-1-ND","2.37700"
"75","1","U301","TMS320F28388DZWTS","servo:TMS320F28388","servo:BGA337CP80_19X19_1600X1600X140B50N","../doc/datasheets/tms320f28388d_datasheet.pdf","32-bit MCU with connectivity manager, 2x C28x+CLA CPU, 1.5 MB flash, FPU64, CLB, Ethernet, EtherCAT","","TMS320F28388DZWTS","","14.96"
"76","1","U401","CAT24C16WI","servo:CAT24C16WI","servo:SOIC-8_3.9x4.9mm_P1.27mm","../doc/datasheets/CAT24C01-D.PDF","EEPROM Memory IC 16Kb (2K x 8) I²C 400kHz 900ns 8-SOIC","CAT24C16WI-GT3","CAT24C16WI-GT3","CAT24C16WI-GT3CT-ND ","0.16300"
"77","1","U404","RJ45x2","servo:rj45x2_0845-2G1T-H5","servo:rj45x2_0845-2G1T-H5","../doc/datasheets/rj45x2_dr-MAG-0845-2G1T-H5-1309698.pdf","2 Port RJ45 Magjack Connector Through Hole 10/100 Base-T, AutoMDIX ","","0845-2G1T-H5 ","380-1123-ND","7.17400"
"78","1","U602","SST26VF032B-104V/SM (M25PX32-VMW)","servo:M25PX32-VMW","servo:SOIJ-8_5.3x5.3mm_P1.27mm","../doc/datasheets/SST26VF032B_nor_flash.pdf","FLASH Memory IC 32Mb (4M x 8) SPI - Quad I/O 104MHz 8-SOIJ","","SST26VF032B-104V/SM","SST26VF032B-104V/SM-ND ","1.67000"
"79","1","U702","R-78B3.3-2.0  Reg sw 3.3v 2A","servo:R-78E3.3-1.0","servo:Converter_DCDC_RECOM_R-78E-0.5_THT","../doc/datasheets/R-78B-2.0.pdf","Linear Regulator Replacement DC DC Converter 1 Output 3.3V 2A 4.75V - 32V Input ","","R-78B3.3-2.0 ","945-3040-ND","9.71800"
"80","1","U706","AP2114 Reg linear 1.2v 1A","servo:AP2114","servo:SOT-223","../doc/datasheets/AP2114.pdf","Linear Voltage Regulator IC Positive Fixed 1 Output 1A SOT-223 ","","AP2114H-1.2TRG1","AP2114H-1.2TRG1DICT-ND","0.29600"
"81","4","U801, U813, U1101, U1104","SI8660BD","servo:SI8660BD","servo:SOIC-16W_7.5x10.3mm_P1.27mm","../doc/datasheets/Si8660.pdf","General Purpose Digital Isolator 5000Vrms 6 Channel 150Mbps 35kV/µs CMTI 16-SOIC (0.295"", 7.50mm Width) ","","SI8660BD-B-ISR"," 336-4786-1-ND","2.75000"
"82","4","U802, U814, U1901, U1908","SI8662BD","servo:SI8662BD","servo:SOIC-16W_7.5x10.3mm_P1.27mm","../doc/datasheets/Si8660.pdf","General Purpose Digital Isolator 5000Vrms 6 Channel 150Mbps 35kV/µs CMTI 16-SOIC (0.295"", 7.50mm Width)","","SI8662BD-B-IS","336-2125-5-ND ","2.75000"
"83","12","U803, U804, U805, U806, U807, U808, U809, U810, U811, U812, U1803, U1804","SN74LVC2G17DBVR","servo:SN74LVC2G17DBVR","servo:SOT-23-6","../doc/datasheets/sn74lvc2g17.pdf","Buffer, Non-Inverting 2 Element 1 Bit per Element Push-Pull Output SOT-23-6","","SN74LVC2G17DBVR"," 296-SN74LVC2G17DBVRCT-ND ","0.30200"
"84","6","U901, U902, U904, U905, U1601, U1602","AMC1311B","servo:AMC1311B","servo:SSO-8_7.6x5.9mm_P1.27mm_Clearance9.1mm","../doc/datasheets/amc1311.pdf","Isolation IC 8-SOIC ","","AMC1311BDWV","296-47610-ND","7.24300"
"85","2","U903, U1202","ADM2483","servo:ADM2483","servo:SOIC-16W_7.5x10.3mm_P1.27mm","../doc/datasheets/adm2483.pdf","RS422, RS485 Digital Isolator 2500Vrms 3 Channel 500kbps 25kV/µs CMTI 16-SOIC (0.295"", 7.50mm Width) ","","ADM2483BRWZ","ADM2483BRWZ-ND","5.59000"
"86","3","U1001, U1102, U1103","am26ls32a","servo:am26ls32a","servo:SOIC-16W_5.3x10.2mm_P1.27mm","../doc/datasheets/am26ls32a.pdf","0/4 Receiver RS422, RS423 16-SOIC ","","AM26LS32ACDR ","296-1011-1-ND","0.57800"
"87","1","U1201","ISO1050","servo:ISO1050","servo:SSO-8_6.7x9.8mm_P2.54mm_Clearance8mm","../doc/datasheets/iso1050.pdf","1/1 Transceiver Half CANbus 8-SOP ","","ISO1050DUB","296-33295-5-ND","5.27900"
"88","1","U1401","PAM8301","servo:PAM8301","servo:SOT-23-6","https://www.diodes.com/assets/Datasheets/PAM8301.pdf","Amplifier IC 1-Channel (Mono) Class D SOT-23-6","","PAM8301AAF","PAM8301AAFDICT-ND ","0.46800"
"89","6","U1501, U1502, U1503, U1504, U1505, U1506","LXS6-NPS","servo:LXS6-NPS","servo:LEM_LXS-NP","../doc/datasheets/lem_lxs_series.pdf","Current Sensor 6A 1 Channel Hall Effect, Closed Loop Bidirectional Module ","","LXS 6-NPS","398-1212-ND","12.50000"
"90","2","U1603, U1604","DC/DC 5V 1W RFM-0505S","servo:RFM-0505S","servo:rfm0505","../doc/datasheets/rfm0505s.pdf","Isolated Module DC DC Converter 1 Output 5V 200mA - 5V Input ","","RFM-0505S","945-3159-ND","1.36000"
"91","2","U1801, U1802","SI8661BD","servo:SI8661BD","servo:SOIC-16W_7.5x10.3mm_P1.27mm","../doc/datasheets/Si8660.pdf","General Purpose Digital Isolator 5000Vrms 6 Channel 150Mbps 35kV/µs CMTI 16-SOIC (0.295"", 7.50mm Width) ","","SI8661BD-B-ISR","336-4411-1-ND ","2.75000"
"92","2","U1904, U1905","SN75C1168DBR","servo:SN75C1167DBR","servo:SOIC-16W_5.3x10.2mm_P1.27mm","../doc/datasheets/sn65c1168.pdf","2/2 Transceiver Full RS422, RS485 16-SSOP ","","SN75C1168DBR","296-SN75C1168DBRCT-ND","1.55300"
"93","4","Y201, Y401, Y402, Y601","osc 25Mhz","servo:OSC_4P_1_TRI-STATE","servo:Crystal_SMD_2520-4Pin_2.5x2.0mm","../doc/datasheets//ECS-2520S.pdf","25MHz XO (Standard) HCMOS Oscillator 3.3V Enable/Disable 4-SMD, No Lead ","","ECS-2520S33-250-FN-TR","XC2198CT-ND ","1.41900"
"94","1","logo1301","nanocut","servo:logo","servo:logo_nanocut","~","logo nanocut","","-","","0"
"95","1","logo1302","pslavkin","servo:logo","servo:logo_pslavkin","~","logo pslavkin","","-","","0"
"96","1","logo1303","recycler","servo:logo","Symbol:WEEE-Logo_5.6x8mm_SilkScreen","~","logo recycler","","-","","0"
"97","1","logo1304","GNU","servo:logo","Symbol:Symbol_GNU-Logo_SilkscreenTop","~","logo gnu","","-","","0"
"98","1","logo1305","neurona","servo:logo","servo:logo_neurona_20mm","~",",logo neurona","","-","","0"
"99","1","ref1301","kicad","servo:logo","Symbol:KiCad-Logo_6mm_SilkScreen","~","logo kicad","","-","","0"
"100","4","ref1302, ref1303, ref1304, ref1305","high_voltage","servo:high_voltage","servo:Symbol_Highvoltage_Type1_CopperTop_Small","~","logo high voltage","","-","","0"
